frame.time_epoch,ip.src,ip.dst,aligned_epoch,aligned_ts,abs_delta_s,second_bin
1678920288.533359,185.175.0.3,185.175.0.8,1678931088.533359,2023-03-16 01:44:48.533359051,999.688640949,2023-03-16 01:44:48
1678920289.5492,185.175.0.3,185.175.0.8,1678931089.5492,2023-03-16 01:44:49.549200058,998.672799942,2023-03-16 01:44:49
1678920291.565232,185.175.0.3,185.175.0.8,1678931091.565232,2023-03-16 01:44:51.565232038,996.656767962,2023-03-16 01:44:51
1678920298.541358,185.175.0.3,185.175.0.8,1678931098.541358,2023-03-16 01:44:58.541357994,989.680642006,2023-03-16 01:44:58
1678920299.56522,185.175.0.3,185.175.0.8,1678931099.56522,2023-03-16 01:44:59.565220118,988.656779882,2023-03-16 01:44:59
1678920301.5812,185.175.0.3,185.175.0.8,1678931101.5812,2023-03-16 01:45:01.581199884,986.640800116,2023-03-16 01:45:01
1678920308.549356,185.175.0.3,185.175.0.8,1678931108.549356,2023-03-16 01:45:08.549355984,979.672644016,2023-03-16 01:45:08
1678920309.577207,185.175.0.3,185.175.0.8,1678931109.577207,2023-03-16 01:45:09.577207088,978.644792912,2023-03-16 01:45:09
1678920311.593215,185.175.0.3,185.175.0.8,1678931111.593215,2023-03-16 01:45:11.593214989,976.628785011,2023-03-16 01:45:11
1678920318.557336,185.175.0.3,185.175.0.8,1678931118.557336,2023-03-16 01:45:18.557336092,969.664663908,2023-03-16 01:45:18
1678920319.561242,185.175.0.3,185.175.0.8,1678931119.561242,2023-03-16 01:45:19.561242104,968.660757896,2023-03-16 01:45:19
1678920321.581217,185.175.0.3,185.175.0.8,1678931121.581217,2023-03-16 01:45:21.581217051,966.640782949,2023-03-16 01:45:21
1678920328.565343,185.175.0.3,185.175.0.8,1678931128.565343,2023-03-16 01:45:28.565342903,959.656657097,2023-03-16 01:45:28
1678920329.581208,185.175.0.3,185.175.0.8,1678931129.581208,2023-03-16 01:45:29.581207991,958.640792009,2023-03-16 01:45:29
1678920331.597253,185.175.0.3,185.175.0.8,1678931131.597253,2023-03-16 01:45:31.597253084,956.624746916,2023-03-16 01:45:31
1678920338.573339,185.175.0.3,185.175.0.8,1678931138.573339,2023-03-16 01:45:38.573338985,949.648661015,2023-03-16 01:45:38
1678920339.597209,185.175.0.3,185.175.0.8,1678931139.597209,2023-03-16 01:45:39.597208977,948.624791023,2023-03-16 01:45:39
1678920341.609214,185.175.0.3,185.175.0.8,1678931141.609214,2023-03-16 01:45:41.609214067,946.612785933,2023-03-16 01:45:41
1678920348.581345,185.175.0.3,185.175.0.8,1678931148.581345,2023-03-16 01:45:48.581345081,939.640654919,2023-03-16 01:45:48
1678920349.61321,185.175.0.3,185.175.0.8,1678931149.61321,2023-03-16 01:45:49.613209963,938.608790037,2023-03-16 01:45:49
1678920351.625203,185.175.0.3,185.175.0.8,1678931151.625203,2023-03-16 01:45:51.625202894,936.596797106,2023-03-16 01:45:51
1678920358.589885,185.175.0.3,185.175.0.8,1678931158.589885,2023-03-16 01:45:58.589884996,929.632115004,2023-03-16 01:45:58
1678920359.597211,185.175.0.3,185.175.0.8,1678931159.597211,2023-03-16 01:45:59.597210884,928.624789116,2023-03-16 01:45:59
1678920361.613201,185.175.0.3,185.175.0.8,1678931161.613201,2023-03-16 01:46:01.613200903,926.608799097,2023-03-16 01:46:01
1678920368.597356,185.175.0.3,185.175.0.8,1678931168.597356,2023-03-16 01:46:08.597356081,919.624643919,2023-03-16 01:46:08
1678920369.613209,185.175.0.3,185.175.0.8,1678931169.613209,2023-03-16 01:46:09.613209009,918.608790991,2023-03-16 01:46:09
1678920371.62922,185.175.0.3,185.175.0.8,1678931171.62922,2023-03-16 01:46:11.629220009,916.592779991,2023-03-16 01:46:11
1678920378.605346,185.175.0.3,185.175.0.8,1678931178.605346,2023-03-16 01:46:18.605345964,909.616654036,2023-03-16 01:46:18
1678920379.629218,185.175.0.3,185.175.0.8,1678931179.629218,2023-03-16 01:46:19.629218102,908.592781898,2023-03-16 01:46:19
1678920381.645205,185.175.0.3,185.175.0.8,1678931181.645205,2023-03-16 01:46:21.645205021,906.576794979,2023-03-16 01:46:21
1678920388.613339,185.175.0.3,185.175.0.8,1678931188.613339,2023-03-16 01:46:28.613338947,899.608661053,2023-03-16 01:46:28
1678920389.645307,185.175.0.3,185.175.0.8,1678931189.645307,2023-03-16 01:46:29.645307064,898.576692936,2023-03-16 01:46:29
1678920389.645346,185.175.0.8,185.175.0.3,1678931189.645346,2023-03-16 01:46:29.645345926,898.576654074,2023-03-16 01:46:29
1678920389.64538,185.175.0.3,185.175.0.8,1678931189.64538,2023-03-16 01:46:29.645380020,898.57661998,2023-03-16 01:46:29
1678920389.645547,185.175.0.3,185.175.0.8,1678931189.645547,2023-03-16 01:46:29.645546913,898.576453087,2023-03-16 01:46:29
1678920389.645565,185.175.0.8,185.175.0.3,1678931189.645565,2023-03-16 01:46:29.645565033,898.576434967,2023-03-16 01:46:29
1678920394.649366,185.175.0.3,185.175.0.8,1678931194.649366,2023-03-16 01:46:34.649365902,893.572634098,2023-03-16 01:46:34
1678920394.697197,185.175.0.8,185.175.0.3,1678931194.697197,2023-03-16 01:46:34.697196960,893.52480304,2023-03-16 01:46:34
1678920399.653347,185.175.0.3,185.175.0.8,1678931199.653347,2023-03-16 01:46:39.653347015,888.568652985,2023-03-16 01:46:39
1678920400.681214,185.175.0.3,185.175.0.8,1678931200.681214,2023-03-16 01:46:40.681214094,887.540785906,2023-03-16 01:46:40
1678920402.701368,185.175.0.3,185.175.0.8,1678931202.701368,2023-03-16 01:46:42.701368093,885.520631907,2023-03-16 01:46:42
1678920409.665337,185.175.0.3,185.175.0.8,1678931209.665337,2023-03-16 01:46:49.665337086,878.556662914,2023-03-16 01:46:49
1678920409.665364,185.175.0.8,185.175.0.3,1678931209.665364,2023-03-16 01:46:49.665364027,878.556635973,2023-03-16 01:46:49
1678920409.665392,185.175.0.3,185.175.0.8,1678931209.665392,2023-03-16 01:46:49.665391922,878.556608078,2023-03-16 01:46:49
1678920409.68121,185.175.0.3,185.175.0.8,1678931209.68121,2023-03-16 01:46:49.681210041,878.540789959,2023-03-16 01:46:49
1678920411.693423,185.175.0.3,185.175.0.8,1678931211.693423,2023-03-16 01:46:51.693423033,876.528576967,2023-03-16 01:46:51
1678920419.677365,185.175.0.3,185.175.0.8,1678931219.677365,2023-03-16 01:46:59.677365065,868.544634935,2023-03-16 01:46:59
1678920420.6812,185.175.0.3,185.175.0.8,1678931220.6812,2023-03-16 01:47:00.681200027,867.540799973,2023-03-16 01:47:00
1678920422.701209,185.175.0.3,185.175.0.8,1678931222.701209,2023-03-16 01:47:02.701209068,865.520790932,2023-03-16 01:47:02
1678920429.689354,185.175.0.3,185.175.0.8,1678931229.689354,2023-03-16 01:47:09.689353943,858.532646057,2023-03-16 01:47:09
1678920430.701194,185.175.0.3,185.175.0.8,1678931230.701194,2023-03-16 01:47:10.701194048,857.520805952,2023-03-16 01:47:10
1678920432.717206,185.175.0.3,185.175.0.8,1678931232.717206,2023-03-16 01:47:12.717206001,855.504793999,2023-03-16 01:47:12
1678920439.697349,185.175.0.3,185.175.0.8,1678931239.697349,2023-03-16 01:47:19.697349072,848.524650928,2023-03-16 01:47:19
1678920440.717204,185.175.0.3,185.175.0.8,1678931240.717204,2023-03-16 01:47:20.717204094,847.504795906,2023-03-16 01:47:20
1678920442.733208,185.175.0.3,185.175.0.8,1678931242.733208,2023-03-16 01:47:22.733207941,845.488792059,2023-03-16 01:47:22
1678920449.705408,185.175.0.3,185.175.0.8,1678931249.705408,2023-03-16 01:47:29.705408096,838.516591904,2023-03-16 01:47:29
1678920450.733243,185.175.0.3,185.175.0.8,1678931250.733243,2023-03-16 01:47:30.733242989,837.488757011,2023-03-16 01:47:30
1678920452.745211,185.175.0.3,185.175.0.8,1678931252.745211,2023-03-16 01:47:32.745210886,835.476789114,2023-03-16 01:47:32
1678920459.713372,185.175.0.3,185.175.0.8,1678931259.713372,2023-03-16 01:47:39.713371992,828.508628008,2023-03-16 01:47:39
1678920460.749245,185.175.0.3,185.175.0.8,1678931260.749245,2023-03-16 01:47:40.749244928,827.472755072,2023-03-16 01:47:40
1678920462.761208,185.175.0.3,185.175.0.8,1678931262.761208,2023-03-16 01:47:42.761208057,825.460791943,2023-03-16 01:47:42
1678920469.725344,185.175.0.3,185.175.0.8,1678931269.725344,2023-03-16 01:47:49.725343943,818.496656057,2023-03-16 01:47:49
1678920470.729202,185.175.0.3,185.175.0.8,1678931270.729202,2023-03-16 01:47:50.729202032,817.492797968,2023-03-16 01:47:50
1678920472.749207,185.175.0.3,185.175.0.8,1678931272.749207,2023-03-16 01:47:52.749207020,815.47279298,2023-03-16 01:47:52
1678920479.733342,185.175.0.3,185.175.0.8,1678931279.733342,2023-03-16 01:47:59.733341932,808.488658068,2023-03-16 01:47:59
1678920480.749205,185.175.0.3,185.175.0.8,1678931280.749205,2023-03-16 01:48:00.749205112,807.472794888,2023-03-16 01:48:00
1678920482.765209,185.175.0.3,185.175.0.8,1678931282.765209,2023-03-16 01:48:02.765208960,805.45679104,2023-03-16 01:48:02
1678920489.745341,185.175.0.3,185.175.0.8,1678931289.745341,2023-03-16 01:48:09.745341063,798.476658937,2023-03-16 01:48:09
1678920490.76521,185.175.0.3,185.175.0.8,1678931290.76521,2023-03-16 01:48:10.765209913,797.456790087,2023-03-16 01:48:10
1678920492.781209,185.175.0.3,185.175.0.8,1678931292.781209,2023-03-16 01:48:12.781208992,795.440791008,2023-03-16 01:48:12
1678920499.753346,185.175.0.3,185.175.0.8,1678931299.753346,2023-03-16 01:48:19.753345966,788.468654034,2023-03-16 01:48:19
1678920500.781208,185.175.0.3,185.175.0.8,1678931300.781208,2023-03-16 01:48:20.781208038,787.440791962,2023-03-16 01:48:20
1678920502.797209,185.175.0.3,185.175.0.8,1678931302.797209,2023-03-16 01:48:22.797209024,785.424790976,2023-03-16 01:48:22
1678920509.761349,185.175.0.3,185.175.0.8,1678931309.761349,2023-03-16 01:48:29.761348963,778.460651037,2023-03-16 01:48:29
1678920510.797206,185.175.0.3,185.175.0.8,1678931310.797206,2023-03-16 01:48:30.797205925,777.424794075,2023-03-16 01:48:30
1678920512.809212,185.175.0.3,185.175.0.8,1678931312.809212,2023-03-16 01:48:32.809211969,775.412788031,2023-03-16 01:48:32
1678920519.769348,185.175.0.3,185.175.0.8,1678931319.769348,2023-03-16 01:48:39.769347906,768.452652094,2023-03-16 01:48:39
1678920520.781209,185.175.0.3,185.175.0.8,1678931320.781209,2023-03-16 01:48:40.781208992,767.440791008,2023-03-16 01:48:40
1678920520.781248,185.175.0.8,185.175.0.3,1678931320.781248,2023-03-16 01:48:40.781248093,767.440751907,2023-03-16 01:48:40
1678920520.781282,185.175.0.3,185.175.0.8,1678931320.781282,2023-03-16 01:48:40.781281948,767.440718052,2023-03-16 01:48:40
1678920520.781439,185.175.0.3,185.175.0.8,1678931320.781439,2023-03-16 01:48:40.781439066,767.440560934,2023-03-16 01:48:40
1678920520.781457,185.175.0.8,185.175.0.3,1678931320.781457,2023-03-16 01:48:40.781456947,767.440543053,2023-03-16 01:48:40
1678920525.78534,185.175.0.3,185.175.0.8,1678931325.78534,2023-03-16 01:48:45.785340071,762.436659929,2023-03-16 01:48:45
1678920525.833216,185.175.0.8,185.175.0.3,1678931325.833216,2023-03-16 01:48:45.833215952,762.388784048,2023-03-16 01:48:45
1678920530.789848,185.175.0.3,185.175.0.8,1678931330.789848,2023-03-16 01:48:50.789848089,757.432151911,2023-03-16 01:48:50
1678920531.821201,185.175.0.3,185.175.0.8,1678931331.821201,2023-03-16 01:48:51.821201086,756.400798914,2023-03-16 01:48:51
1678920533.833212,185.175.0.3,185.175.0.8,1678931333.833212,2023-03-16 01:48:53.833211899,754.388788101,2023-03-16 01:48:53
1678920540.797339,185.175.0.3,185.175.0.8,1678931340.797339,2023-03-16 01:49:00.797338963,747.424661037,2023-03-16 01:49:00
1678920541.805219,185.175.0.3,185.175.0.8,1678931341.805219,2023-03-16 01:49:01.805218935,746.416781065,2023-03-16 01:49:01
1678920543.817207,185.175.0.3,185.175.0.8,1678931343.817207,2023-03-16 01:49:03.817207098,744.404792902,2023-03-16 01:49:03
1678920550.805338,185.175.0.3,185.175.0.8,1678931350.805338,2023-03-16 01:49:10.805337906,737.416662094,2023-03-16 01:49:10
1678920551.817216,185.175.0.3,185.175.0.8,1678931351.817216,2023-03-16 01:49:11.817215919,736.404784081,2023-03-16 01:49:11
1678920553.837202,185.175.0.3,185.175.0.8,1678931353.837202,2023-03-16 01:49:13.837202072,734.384797928,2023-03-16 01:49:13
1678920560.813348,185.175.0.3,185.175.0.8,1678931360.813348,2023-03-16 01:49:20.813348055,727.408651945,2023-03-16 01:49:20
1678920561.837209,185.175.0.3,185.175.0.8,1678931361.837209,2023-03-16 01:49:21.837208986,726.384791014,2023-03-16 01:49:21
1678920563.853209,185.175.0.3,185.175.0.8,1678931363.853209,2023-03-16 01:49:23.853209019,724.368790981,2023-03-16 01:49:23
1678920570.825291,185.175.0.3,185.175.0.8,1678931370.825291,2023-03-16 01:49:30.825290918,717.396709082,2023-03-16 01:49:30
1678920571.853206,185.175.0.3,185.175.0.8,1678931371.853206,2023-03-16 01:49:31.853205919,716.368794081,2023-03-16 01:49:31
1678920573.86926,185.175.0.3,185.175.0.8,1678931373.86926,2023-03-16 01:49:33.869260073,714.352739927,2023-03-16 01:49:33
1678920580.833333,185.175.0.3,185.175.0.8,1678931380.833333,2023-03-16 01:49:40.833333015,707.388666985,2023-03-16 01:49:40
1678920581.869219,185.175.0.3,185.175.0.8,1678931381.869219,2023-03-16 01:49:41.869219065,706.352780935,2023-03-16 01:49:41
1678920583.885203,185.175.0.3,185.175.0.8,1678931383.885203,2023-03-16 01:49:43.885202885,704.336797115,2023-03-16 01:49:43
1678920590.845345,185.175.0.3,185.175.0.8,1678931390.845345,2023-03-16 01:49:50.845345020,697.37665498,2023-03-16 01:49:50
1678920591.84966,185.175.0.3,185.175.0.8,1678931391.84966,2023-03-16 01:49:51.849659920,696.37234008,2023-03-16 01:49:51
1678920593.869201,185.175.0.3,185.175.0.8,1678931393.869201,2023-03-16 01:49:53.869200945,694.352799055,2023-03-16 01:49:53
1678920600.853345,185.175.0.3,185.175.0.8,1678931400.853345,2023-03-16 01:50:00.853344917,687.368655083,2023-03-16 01:50:00
1678920601.869208,185.175.0.3,185.175.0.8,1678931401.869208,2023-03-16 01:50:01.869208097,686.352791903,2023-03-16 01:50:01
1678920603.885209,185.175.0.3,185.175.0.8,1678931403.885209,2023-03-16 01:50:03.885209084,684.336790916,2023-03-16 01:50:03
1678920610.861347,185.175.0.3,185.175.0.8,1678931410.861347,2023-03-16 01:50:10.861346960,677.36065304,2023-03-16 01:50:10
1678920611.8852,185.175.0.3,185.175.0.8,1678931411.8852,2023-03-16 01:50:11.885200024,676.336799976,2023-03-16 01:50:11
1678920613.901213,185.175.0.3,185.175.0.8,1678931413.901213,2023-03-16 01:50:13.901212931,674.320787069,2023-03-16 01:50:13
1678920620.869334,185.175.0.3,185.175.0.8,1678931420.869334,2023-03-16 01:50:20.869333982,667.352666018,2023-03-16 01:50:20
1678920621.901196,185.175.0.3,185.175.0.8,1678931421.901196,2023-03-16 01:50:21.901196003,666.320803997,2023-03-16 01:50:21
1678920623.917207,185.175.0.3,185.175.0.8,1678931423.917207,2023-03-16 01:50:23.917207003,664.304792997,2023-03-16 01:50:23
1678920630.881333,185.175.0.3,185.175.0.8,1678931430.881333,2023-03-16 01:50:30.881333113,657.340666887,2023-03-16 01:50:30
1678920631.917211,185.175.0.3,185.175.0.8,1678931431.917211,2023-03-16 01:50:31.917211056,656.304788944,2023-03-16 01:50:31
1678920633.933208,185.175.0.3,185.175.0.8,1678931433.933208,2023-03-16 01:50:33.933207989,654.288792011,2023-03-16 01:50:33
1678920640.889341,185.175.0.3,185.175.0.8,1678931440.889341,2023-03-16 01:50:40.889341116,647.332658884,2023-03-16 01:50:40
1678920641.897222,185.175.0.3,185.175.0.8,1678931441.897222,2023-03-16 01:50:41.897222042,646.324777958,2023-03-16 01:50:41
1678920643.913209,185.175.0.3,185.175.0.8,1678931443.913209,2023-03-16 01:50:43.913208961,644.308791039,2023-03-16 01:50:43
1678920650.898482,185.175.0.3,185.175.0.8,1678931450.898482,2023-03-16 01:50:50.898482084,637.323517916,2023-03-16 01:50:50
1678920650.898509,185.175.0.8,185.175.0.3,1678931450.898509,2023-03-16 01:50:50.898509026,637.323490974,2023-03-16 01:50:50
1678920650.898535,185.175.0.3,185.175.0.8,1678931450.898535,2023-03-16 01:50:50.898535013,637.323464987,2023-03-16 01:50:50
1678920650.909206,185.175.0.3,185.175.0.8,1678931450.909206,2023-03-16 01:50:50.909205914,637.312794086,2023-03-16 01:50:50
1678920652.937215,185.175.0.3,185.175.0.8,1678931452.937215,2023-03-16 01:50:52.937215090,635.28478491,2023-03-16 01:50:52
1678920652.937252,185.175.0.8,185.175.0.3,1678931452.937252,2023-03-16 01:50:52.937252045,635.284747955,2023-03-16 01:50:52
1678920652.937285,185.175.0.3,185.175.0.8,1678931452.937285,2023-03-16 01:50:52.937284946,635.284715054,2023-03-16 01:50:52
1678920652.937443,185.175.0.3,185.175.0.8,1678931452.937443,2023-03-16 01:50:52.937443018,635.284556982,2023-03-16 01:50:52
1678920652.937461,185.175.0.8,185.175.0.3,1678931452.937461,2023-03-16 01:50:52.937460899,635.284539101,2023-03-16 01:50:52
1678920657.941333,185.175.0.3,185.175.0.8,1678931457.941333,2023-03-16 01:50:57.941333055,630.280666945,2023-03-16 01:50:57
1678920657.989209,185.175.0.8,185.175.0.3,1678931457.989209,2023-03-16 01:50:57.989208937,630.232791063,2023-03-16 01:50:57
1678920662.947663,185.175.0.3,185.175.0.8,1678931462.947663,2023-03-16 01:51:02.947663069,625.274336931,2023-03-16 01:51:02
1678920663.977216,185.175.0.3,185.175.0.8,1678931463.977216,2023-03-16 01:51:03.977216005,624.244783995,2023-03-16 01:51:03
1678920665.993215,185.175.0.3,185.175.0.8,1678931465.993215,2023-03-16 01:51:05.993215084,622.228784916,2023-03-16 01:51:05
1678920672.953354,185.175.0.3,185.175.0.8,1678931472.953354,2023-03-16 01:51:12.953353882,615.268646118,2023-03-16 01:51:12
1678920672.953383,185.175.0.8,185.175.0.3,1678931472.953383,2023-03-16 01:51:12.953382969,615.268617031,2023-03-16 01:51:12
1678920672.953411,185.175.0.3,185.175.0.8,1678931472.953411,2023-03-16 01:51:12.953411102,615.268588898,2023-03-16 01:51:12
1678920672.965208,185.175.0.3,185.175.0.8,1678931472.965208,2023-03-16 01:51:12.965208054,615.256791946,2023-03-16 01:51:12
1678920674.985207,185.175.0.3,185.175.0.8,1678931474.985207,2023-03-16 01:51:14.985207081,613.236792919,2023-03-16 01:51:14
1678920682.969317,185.175.0.3,185.175.0.8,1678931482.969317,2023-03-16 01:51:22.969316959,605.252683041,2023-03-16 01:51:22
1678920683.977216,185.175.0.3,185.175.0.8,1678931483.977216,2023-03-16 01:51:23.977216005,604.244783995,2023-03-16 01:51:23
1678920685.99321,185.175.0.3,185.175.0.8,1678931485.99321,2023-03-16 01:51:25.993210077,602.228789923,2023-03-16 01:51:25
1678920692.977368,185.175.0.3,185.175.0.8,1678931492.977368,2023-03-16 01:51:32.977368116,595.244631884,2023-03-16 01:51:32
1678920693.993214,185.175.0.3,185.175.0.8,1678931493.993214,2023-03-16 01:51:33.993213892,594.228786108,2023-03-16 01:51:33
1678920696.009204,185.175.0.3,185.175.0.8,1678931496.009204,2023-03-16 01:51:36.009203911,592.212796089,2023-03-16 01:51:36
1678920702.985351,185.175.0.3,185.175.0.8,1678931502.985351,2023-03-16 01:51:42.985351086,585.236648914,2023-03-16 01:51:42
1678920704.009225,185.175.0.3,185.175.0.8,1678931504.009225,2023-03-16 01:51:44.009224892,584.212775108,2023-03-16 01:51:44
1678920706.025204,185.175.0.3,185.175.0.8,1678931506.025204,2023-03-16 01:51:46.025203943,582.196796057,2023-03-16 01:51:46
1678920712.993343,185.175.0.3,185.175.0.8,1678931512.993343,2023-03-16 01:51:52.993343115,575.228656885,2023-03-16 01:51:52
1678920714.025207,185.175.0.3,185.175.0.8,1678931514.025207,2023-03-16 01:51:54.025207043,574.196792957,2023-03-16 01:51:54
1678920716.041206,185.175.0.3,185.175.0.8,1678931516.041206,2023-03-16 01:51:56.041205883,572.180794117,2023-03-16 01:51:56
1678920723.001344,185.175.0.3,185.175.0.8,1678931523.001344,2023-03-16 01:52:03.001343966,565.220656034,2023-03-16 01:52:03
1678920724.009215,185.175.0.3,185.175.0.8,1678931524.009215,2023-03-16 01:52:04.009215117,564.212784883,2023-03-16 01:52:04
1678920726.025211,185.175.0.3,185.175.0.8,1678931526.025211,2023-03-16 01:52:06.025211096,562.196788904,2023-03-16 01:52:06
1678920733.009351,185.175.0.3,185.175.0.8,1678931533.009351,2023-03-16 01:52:13.009351015,555.212648985,2023-03-16 01:52:13
1678920734.025211,185.175.0.3,185.175.0.8,1678931534.025211,2023-03-16 01:52:14.025211096,554.196788904,2023-03-16 01:52:14
1678920736.041205,185.175.0.3,185.175.0.8,1678931536.041205,2023-03-16 01:52:16.041204929,552.180795071,2023-03-16 01:52:16
1678920743.021344,185.175.0.3,185.175.0.8,1678931543.021344,2023-03-16 01:52:23.021343946,545.200656054,2023-03-16 01:52:23
1678920744.045208,185.175.0.3,185.175.0.8,1678931544.045208,2023-03-16 01:52:24.045207977,544.176792023,2023-03-16 01:52:24
1678920746.057239,185.175.0.3,185.175.0.8,1678931546.057239,2023-03-16 01:52:26.057239056,542.164760944,2023-03-16 01:52:26
1678920753.033362,185.175.0.3,185.175.0.8,1678931553.033362,2023-03-16 01:52:33.033361912,535.188638088,2023-03-16 01:52:33
1678920753.03339,185.175.0.8,185.175.0.3,1678931553.03339,2023-03-16 01:52:33.033390045,535.188609955,2023-03-16 01:52:33
1678920753.033416,185.175.0.3,185.175.0.8,1678931553.033416,2023-03-16 01:52:33.033416032,535.188583968,2023-03-16 01:52:33
1678920753.04933,185.175.0.3,185.175.0.8,1678931553.04933,2023-03-16 01:52:33.049329996,535.172670004,2023-03-16 01:52:33
1678920755.049206,185.175.0.3,185.175.0.8,1678931555.049206,2023-03-16 01:52:35.049206018,533.172793982,2023-03-16 01:52:35
1678920763.041352,185.175.0.3,185.175.0.8,1678931563.041352,2023-03-16 01:52:43.041352034,525.180647966,2023-03-16 01:52:43
1678920764.077213,185.175.0.3,185.175.0.8,1678931564.077213,2023-03-16 01:52:44.077213049,524.144786951,2023-03-16 01:52:44
1678920766.0932,185.175.0.3,185.175.0.8,1678931566.0932,2023-03-16 01:52:46.093199968,522.128800032,2023-03-16 01:52:46
1678920773.049358,185.175.0.3,185.175.0.8,1678931573.049358,2023-03-16 01:52:53.049357891,515.172642109,2023-03-16 01:52:53
1678920774.061201,185.175.0.3,185.175.0.8,1678931574.061201,2023-03-16 01:52:54.061201096,514.160798904,2023-03-16 01:52:54
1678920776.077204,185.175.0.3,185.175.0.8,1678931576.077204,2023-03-16 01:52:56.077203989,512.144796011,2023-03-16 01:52:56
1678920783.057345,185.175.0.3,185.175.0.8,1678931583.057345,2023-03-16 01:53:03.057344913,505.164655087,2023-03-16 01:53:03
1678920783.057381,185.175.0.8,185.175.0.3,1678931583.057381,2023-03-16 01:53:03.057380915,505.164619085,2023-03-16 01:53:03
1678920783.057423,185.175.0.3,185.175.0.8,1678931583.057423,2023-03-16 01:53:03.057423115,505.164576885,2023-03-16 01:53:03
1678920783.057539,185.175.0.3,185.175.0.8,1678931583.057539,2023-03-16 01:53:03.057538986,505.164461014,2023-03-16 01:53:03
1678920783.057556,185.175.0.8,185.175.0.3,1678931583.057556,2023-03-16 01:53:03.057555914,505.164444086,2023-03-16 01:53:03
1678920788.061337,185.175.0.3,185.175.0.8,1678931588.061337,2023-03-16 01:53:08.061336994,500.160663006,2023-03-16 01:53:08
1678920788.109206,185.175.0.8,185.175.0.3,1678931588.109206,2023-03-16 01:53:08.109205961,500.112794039,2023-03-16 01:53:08
1678920793.065341,185.175.0.3,185.175.0.8,1678931593.065341,2023-03-16 01:53:13.065340996,495.156659004,2023-03-16 01:53:13
1678920794.093221,185.175.0.3,185.175.0.8,1678931594.093221,2023-03-16 01:53:14.093220949,494.128779051,2023-03-16 01:53:14
1678920796.10921,185.175.0.3,185.175.0.8,1678931596.10921,2023-03-16 01:53:16.109210014,492.112789986,2023-03-16 01:53:16
1678920803.073652,185.175.0.3,185.175.0.8,1678931603.073652,2023-03-16 01:53:23.073652029,485.148347971,2023-03-16 01:53:23
1678920804.109202,185.175.0.3,185.175.0.8,1678931604.109202,2023-03-16 01:53:24.109201908,484.112798092,2023-03-16 01:53:24
1678920806.125198,185.175.0.3,185.175.0.8,1678931606.125198,2023-03-16 01:53:26.125197887,482.096802113,2023-03-16 01:53:26
1678920813.081345,185.175.0.3,185.175.0.8,1678931613.081345,2023-03-16 01:53:33.081345081,475.140654919,2023-03-16 01:53:33
1678920814.089201,185.175.0.3,185.175.0.8,1678931614.089201,2023-03-16 01:53:34.089200974,474.132799026,2023-03-16 01:53:34
1678920816.105203,185.175.0.3,185.175.0.8,1678931616.105203,2023-03-16 01:53:36.105202913,472.116797087,2023-03-16 01:53:36
1678920823.093334,185.175.0.3,185.175.0.8,1678931623.093334,2023-03-16 01:53:43.093333960,465.12866604,2023-03-16 01:53:43
1678920824.109207,185.175.0.3,185.175.0.8,1678931624.109207,2023-03-16 01:53:44.109206915,464.112793085,2023-03-16 01:53:44
1678920826.121204,185.175.0.3,185.175.0.8,1678931626.121204,2023-03-16 01:53:46.121203899,462.100796101,2023-03-16 01:53:46
1678920833.101344,185.175.0.3,185.175.0.8,1678931633.101344,2023-03-16 01:53:53.101344109,455.120655891,2023-03-16 01:53:53
1678920834.121203,185.175.0.3,185.175.0.8,1678931634.121203,2023-03-16 01:53:54.121202946,454.100797054,2023-03-16 01:53:54
1678920836.137203,185.175.0.3,185.175.0.8,1678931636.137203,2023-03-16 01:53:56.137202978,452.084797022,2023-03-16 01:53:56
1678920843.109337,185.175.0.3,185.175.0.8,1678931643.109337,2023-03-16 01:54:03.109337091,445.112662909,2023-03-16 01:54:03
1678920844.141209,185.175.0.3,185.175.0.8,1678931644.141209,2023-03-16 01:54:04.141208887,444.080791113,2023-03-16 01:54:04
1678920846.153209,185.175.0.3,185.175.0.8,1678931646.153209,2023-03-16 01:54:06.153208971,442.068791029,2023-03-16 01:54:06
1678920853.11739,185.175.0.3,185.175.0.8,1678931653.11739,2023-03-16 01:54:13.117389917,435.104610083,2023-03-16 01:54:13
1678920854.125214,185.175.0.3,185.175.0.8,1678931654.125214,2023-03-16 01:54:14.125214100,434.0967859,2023-03-16 01:54:14
1678920856.141218,185.175.0.3,185.175.0.8,1678931656.141218,2023-03-16 01:54:16.141217947,432.080782053,2023-03-16 01:54:16
1678920863.125328,185.175.0.3,185.175.0.8,1678931663.125328,2023-03-16 01:54:23.125328063,425.096671937,2023-03-16 01:54:23
1678920864.141213,185.175.0.3,185.175.0.8,1678931664.141213,2023-03-16 01:54:24.141212940,424.08078706,2023-03-16 01:54:24
1678920866.157206,185.175.0.3,185.175.0.8,1678931666.157206,2023-03-16 01:54:26.157206059,422.064793941,2023-03-16 01:54:26
1678920873.13335,185.175.0.3,185.175.0.8,1678931673.13335,2023-03-16 01:54:33.133349895,415.088650105,2023-03-16 01:54:33
1678920874.157202,185.175.0.3,185.175.0.8,1678931674.157202,2023-03-16 01:54:34.157202005,414.064797995,2023-03-16 01:54:34
1678920876.173201,185.175.0.3,185.175.0.8,1678931676.173201,2023-03-16 01:54:36.173201084,412.048798916,2023-03-16 01:54:36
1678920883.141369,185.175.0.3,185.175.0.8,1678931683.141369,2023-03-16 01:54:43.141369104,405.080630896,2023-03-16 01:54:43
1678920884.173214,185.175.0.3,185.175.0.8,1678931684.173214,2023-03-16 01:54:44.173213959,404.048786041,2023-03-16 01:54:44
1678920886.185208,185.175.0.3,185.175.0.8,1678931686.185208,2023-03-16 01:54:46.185208082,402.036791918,2023-03-16 01:54:46
1678920893.149336,185.175.0.3,185.175.0.8,1678931693.149336,2023-03-16 01:54:53.149336100,395.0726639,2023-03-16 01:54:53
1678920894.153217,185.175.0.3,185.175.0.8,1678931694.153217,2023-03-16 01:54:54.153217077,394.068782923,2023-03-16 01:54:54
1678920896.169212,185.175.0.3,185.175.0.8,1678931696.169212,2023-03-16 01:54:56.169212103,392.052787897,2023-03-16 01:54:56
1678920903.159574,185.175.0.3,185.175.0.8,1678931703.159574,2023-03-16 01:55:03.159574032,385.062425968,2023-03-16 01:55:03
1678920904.173214,185.175.0.3,185.175.0.8,1678931704.173214,2023-03-16 01:55:04.173213959,384.048786041,2023-03-16 01:55:04
1678920906.185205,185.175.0.3,185.175.0.8,1678931706.185205,2023-03-16 01:55:06.185204983,382.036795017,2023-03-16 01:55:06
1678920913.169331,185.175.0.3,185.175.0.8,1678931713.169331,2023-03-16 01:55:13.169331074,375.052668926,2023-03-16 01:55:13
1678920914.185204,185.175.0.3,185.175.0.8,1678931714.185204,2023-03-16 01:55:14.185204029,374.036795971,2023-03-16 01:55:14
1678920914.185244,185.175.0.8,185.175.0.3,1678931714.185244,2023-03-16 01:55:14.185244083,374.036755917,2023-03-16 01:55:14
1678920914.185277,185.175.0.3,185.175.0.8,1678931714.185277,2023-03-16 01:55:14.185276985,374.036723015,2023-03-16 01:55:14
1678920914.18727,185.175.0.3,185.175.0.8,1678931714.18727,2023-03-16 01:55:14.187269926,374.034730074,2023-03-16 01:55:14
1678920914.187288,185.175.0.8,185.175.0.3,1678931714.187288,2023-03-16 01:55:14.187288046,374.034711954,2023-03-16 01:55:14
1678920919.191425,185.175.0.3,185.175.0.8,1678931719.191425,2023-03-16 01:55:19.191425085,369.030574915,2023-03-16 01:55:19
1678920919.237208,185.175.0.8,185.175.0.3,1678931719.237208,2023-03-16 01:55:19.237207890,368.98479211,2023-03-16 01:55:19
1678920924.193661,185.175.0.3,185.175.0.8,1678931724.193661,2023-03-16 01:55:24.193660975,364.028339025,2023-03-16 01:55:24
1678920925.229218,185.175.0.3,185.175.0.8,1678931725.229218,2023-03-16 01:55:25.229218006,362.992781994,2023-03-16 01:55:25
1678920927.245207,185.175.0.3,185.175.0.8,1678931727.245207,2023-03-16 01:55:27.245207071,360.976792929,2023-03-16 01:55:27
1678920934.20535,185.175.0.3,185.175.0.8,1678931734.20535,2023-03-16 01:55:34.205349922,354.016650078,2023-03-16 01:55:34
1678920935.213224,185.175.0.3,185.175.0.8,1678931735.213224,2023-03-16 01:55:35.213223934,353.008776066,2023-03-16 01:55:35
1678920937.22922,185.175.0.3,185.175.0.8,1678931737.22922,2023-03-16 01:55:37.229219913,350.992780087,2023-03-16 01:55:37
1678920944.213325,185.175.0.3,185.175.0.8,1678931744.213325,2023-03-16 01:55:44.213325024,344.008674976,2023-03-16 01:55:44
1678920945.225224,185.175.0.3,185.175.0.8,1678931745.225224,2023-03-16 01:55:45.225224018,342.996775982,2023-03-16 01:55:45
1678920947.245209,185.175.0.3,185.175.0.8,1678931747.245209,2023-03-16 01:55:47.245208979,340.976791021,2023-03-16 01:55:47
1678920954.221343,185.175.0.3,185.175.0.8,1678931754.221343,2023-03-16 01:55:54.221343040,334.00065696,2023-03-16 01:55:54
1678920955.245205,185.175.0.3,185.175.0.8,1678931755.245205,2023-03-16 01:55:55.245204926,332.976795074,2023-03-16 01:55:55
1678920957.261207,185.175.0.3,185.175.0.8,1678931757.261207,2023-03-16 01:55:57.261207104,330.960792896,2023-03-16 01:55:57
1678920964.229375,185.175.0.3,185.175.0.8,1678931764.229375,2023-03-16 01:56:04.229374886,323.992625114,2023-03-16 01:56:04
1678920965.261204,185.175.0.3,185.175.0.8,1678931765.261204,2023-03-16 01:56:05.261204004,322.960795996,2023-03-16 01:56:05
1678920967.273207,185.175.0.3,185.175.0.8,1678931767.273207,2023-03-16 01:56:07.273206949,320.948793051,2023-03-16 01:56:07
1678920974.237353,185.175.0.3,185.175.0.8,1678931774.237353,2023-03-16 01:56:14.237353086,313.984646914,2023-03-16 01:56:14
1678920975.241221,185.175.0.3,185.175.0.8,1678931775.241221,2023-03-16 01:56:15.241220951,312.980779049,2023-03-16 01:56:15
1678920977.257207,185.175.0.3,185.175.0.8,1678931777.257207,2023-03-16 01:56:17.257206916,310.964793084,2023-03-16 01:56:17
1678920984.24535,185.175.0.3,185.175.0.8,1678931784.24535,2023-03-16 01:56:24.245349884,303.976650116,2023-03-16 01:56:24
1678920985.261209,185.175.0.3,185.175.0.8,1678931785.261209,2023-03-16 01:56:25.261209011,302.960790989,2023-03-16 01:56:25
1678920987.277214,185.175.0.3,185.175.0.8,1678931787.277214,2023-03-16 01:56:27.277214050,300.94478595,2023-03-16 01:56:27
1678920994.269346,185.175.0.3,185.175.0.8,1678931794.269346,2023-03-16 01:56:34.269345999,293.952654001,2023-03-16 01:56:34
1678920995.273217,185.175.0.3,185.175.0.8,1678931795.273217,2023-03-16 01:56:35.273216963,292.948783037,2023-03-16 01:56:35
1678920997.293204,185.175.0.3,185.175.0.8,1678931797.293204,2023-03-16 01:56:37.293204069,290.928795931,2023-03-16 01:56:37
1678921004.277339,185.175.0.3,185.175.0.8,1678931804.277339,2023-03-16 01:56:44.277338982,283.944661018,2023-03-16 01:56:44
1678921005.293212,185.175.0.3,185.175.0.8,1678931805.293212,2023-03-16 01:56:45.293211937,282.928788063,2023-03-16 01:56:45
1678921007.309194,185.175.0.3,185.175.0.8,1678931807.309194,2023-03-16 01:56:47.309194088,280.912805912,2023-03-16 01:56:47
1678921014.285353,185.175.0.3,185.175.0.8,1678931814.285353,2023-03-16 01:56:54.285352945,273.936647055,2023-03-16 01:56:54
1678921015.309233,185.175.0.3,185.175.0.8,1678931815.309233,2023-03-16 01:56:55.309232950,272.91276705,2023-03-16 01:56:55
1678921017.325202,185.175.0.3,185.175.0.8,1678931817.325202,2023-03-16 01:56:57.325201988,270.896798012,2023-03-16 01:56:57
1678921024.293354,185.175.0.3,185.175.0.8,1678931824.293354,2023-03-16 01:57:04.293354034,263.928645966,2023-03-16 01:57:04
1678921025.325215,185.175.0.3,185.175.0.8,1678931825.325215,2023-03-16 01:57:05.325215101,262.896784899,2023-03-16 01:57:05
1678921027.337202,185.175.0.3,185.175.0.8,1678931827.337202,2023-03-16 01:57:07.337202072,260.884797928,2023-03-16 01:57:07
1678921034.301335,185.175.0.3,185.175.0.8,1678931834.301335,2023-03-16 01:57:14.301335096,253.920664904,2023-03-16 01:57:14
1678921035.3052,185.175.0.3,185.175.0.8,1678931835.3052,2023-03-16 01:57:15.305200100,252.9167999,2023-03-16 01:57:15
1678921037.325203,185.175.0.3,185.175.0.8,1678931837.325203,2023-03-16 01:57:17.325202942,250.896797058,2023-03-16 01:57:17
1678921044.313345,185.175.0.3,185.175.0.8,1678931844.313345,2023-03-16 01:57:24.313344955,243.908655045,2023-03-16 01:57:24
1678921045.321206,185.175.0.3,185.175.0.8,1678931845.321206,2023-03-16 01:57:25.321206093,242.900793907,2023-03-16 01:57:25
1678921045.321243,185.175.0.8,185.175.0.3,1678931845.321243,2023-03-16 01:57:25.321243048,242.900756952,2023-03-16 01:57:25
1678921045.321277,185.175.0.3,185.175.0.8,1678931845.321277,2023-03-16 01:57:25.321276903,242.900723097,2023-03-16 01:57:25
1678921045.321431,185.175.0.3,185.175.0.8,1678931845.321431,2023-03-16 01:57:25.321430922,242.900569078,2023-03-16 01:57:25
1678921045.321449,185.175.0.8,185.175.0.3,1678931845.321449,2023-03-16 01:57:25.321449041,242.900550959,2023-03-16 01:57:25
1678921050.32529,185.175.0.3,185.175.0.8,1678931850.32529,2023-03-16 01:57:30.325289965,237.896710035,2023-03-16 01:57:30
1678921050.369195,185.175.0.8,185.175.0.3,1678931850.369195,2023-03-16 01:57:30.369194984,237.852805016,2023-03-16 01:57:30
1678921055.329353,185.175.0.3,185.175.0.8,1678931855.329353,2023-03-16 01:57:35.329353094,232.892646906,2023-03-16 01:57:35
1678921056.361208,185.175.0.3,185.175.0.8,1678931856.361208,2023-03-16 01:57:36.361207962,231.860792038,2023-03-16 01:57:36
1678921058.381208,185.175.0.3,185.175.0.8,1678931858.381208,2023-03-16 01:57:38.381207943,229.840792057,2023-03-16 01:57:38
1678921065.338333,185.175.0.3,185.175.0.8,1678931865.338333,2023-03-16 01:57:45.338332891,222.883667109,2023-03-16 01:57:45
1678921066.345201,185.175.0.3,185.175.0.8,1678931866.345201,2023-03-16 01:57:46.345201015,221.876798985,2023-03-16 01:57:46
1678921068.365203,185.175.0.3,185.175.0.8,1678931868.365203,2023-03-16 01:57:48.365202904,219.856797096,2023-03-16 01:57:48
1678921075.349342,185.175.0.3,185.175.0.8,1678931875.349342,2023-03-16 01:57:55.349342108,212.872657892,2023-03-16 01:57:55
1678921076.364391,185.175.0.3,185.175.0.8,1678931876.364391,2023-03-16 01:57:56.364391088,211.857608912,2023-03-16 01:57:56
1678921078.381212,185.175.0.3,185.175.0.8,1678931878.381212,2023-03-16 01:57:58.381211996,209.840788004,2023-03-16 01:57:58
1678921085.365346,185.175.0.3,185.175.0.8,1678931885.365346,2023-03-16 01:58:05.365345955,202.856654045,2023-03-16 01:58:05
1678921086.381197,185.175.0.3,185.175.0.8,1678931886.381197,2023-03-16 01:58:06.381196976,201.840803024,2023-03-16 01:58:06
1678921088.393221,185.175.0.3,185.175.0.8,1678931888.393221,2023-03-16 01:58:08.393220901,199.828779099,2023-03-16 01:58:08
1678921095.378611,185.175.0.3,185.175.0.8,1678931895.378611,2023-03-16 01:58:15.378611088,192.843388912,2023-03-16 01:58:15
1678921096.397306,185.175.0.3,185.175.0.8,1678931896.397306,2023-03-16 01:58:16.397305965,191.824694035,2023-03-16 01:58:16
1678921098.409214,185.175.0.3,185.175.0.8,1678931898.409214,2023-03-16 01:58:18.409214020,189.81278598,2023-03-16 01:58:18
1678921105.389201,185.175.0.3,185.175.0.8,1678931905.389201,2023-03-16 01:58:25.389200926,182.832799074,2023-03-16 01:58:25
1678921106.413194,185.175.0.3,185.175.0.8,1678931906.413194,2023-03-16 01:58:26.413193941,181.808806059,2023-03-16 01:58:26
1678921108.429201,185.175.0.3,185.175.0.8,1678931908.429201,2023-03-16 01:58:28.429200888,179.792799112,2023-03-16 01:58:28
1678921115.401357,185.175.0.3,185.175.0.8,1678931915.401357,2023-03-16 01:58:35.401356936,172.820643064,2023-03-16 01:58:35
1678921116.429206,185.175.0.3,185.175.0.8,1678931916.429206,2023-03-16 01:58:36.429205894,171.792794106,2023-03-16 01:58:36
1678921118.445205,185.175.0.3,185.175.0.8,1678931918.445205,2023-03-16 01:58:38.445204973,169.776795027,2023-03-16 01:58:38
1678921125.409348,185.175.0.3,185.175.0.8,1678931925.409348,2023-03-16 01:58:45.409348011,162.812651989,2023-03-16 01:58:45
1678921126.445199,185.175.0.3,185.175.0.8,1678931926.445199,2023-03-16 01:58:46.445199013,161.776800987,2023-03-16 01:58:46
1678921128.457201,185.175.0.3,185.175.0.8,1678931928.457201,2023-03-16 01:58:48.457201004,159.764798996,2023-03-16 01:58:48
1678921135.417339,185.175.0.3,185.175.0.8,1678931935.417339,2023-03-16 01:58:55.417339087,152.804660913,2023-03-16 01:58:55
1678921135.417366,185.175.0.8,185.175.0.3,1678931935.417366,2023-03-16 01:58:55.417366028,152.804633972,2023-03-16 01:58:55
1678921135.417393,185.175.0.3,185.175.0.8,1678931935.417393,2023-03-16 01:58:55.417392969,152.804607031,2023-03-16 01:58:55
1678921135.429206,185.175.0.3,185.175.0.8,1678931935.429206,2023-03-16 01:58:55.429205894,152.792794106,2023-03-16 01:58:55
1678921137.449211,185.175.0.3,185.175.0.8,1678931937.449211,2023-03-16 01:58:57.449210882,150.772789118,2023-03-16 01:58:57
1678921145.42537,185.175.0.3,185.175.0.8,1678931945.42537,2023-03-16 01:59:05.425369978,142.796630022,2023-03-16 01:59:05
1678921146.445212,185.175.0.3,185.175.0.8,1678931946.445212,2023-03-16 01:59:06.445211887,141.776788113,2023-03-16 01:59:06
1678921148.457213,185.175.0.3,185.175.0.8,1678931948.457213,2023-03-16 01:59:08.457212925,139.764787075,2023-03-16 01:59:08
1678921155.437354,185.175.0.3,185.175.0.8,1678931955.437354,2023-03-16 01:59:15.437354088,132.784645912,2023-03-16 01:59:15
1678921156.461207,185.175.0.3,185.175.0.8,1678931956.461207,2023-03-16 01:59:16.461206913,131.760793087,2023-03-16 01:59:16
1678921158.477212,185.175.0.3,185.175.0.8,1678931958.477212,2023-03-16 01:59:18.477211952,129.744788048,2023-03-16 01:59:18
1678921165.445595,185.175.0.3,185.175.0.8,1678931965.445595,2023-03-16 01:59:25.445595026,122.776404974,2023-03-16 01:59:25
1678921166.473223,185.175.0.3,185.175.0.8,1678931966.473223,2023-03-16 01:59:26.473222971,121.748777029,2023-03-16 01:59:26
1678921168.489225,185.175.0.3,185.175.0.8,1678931968.489225,2023-03-16 01:59:28.489224911,119.732775089,2023-03-16 01:59:28
1678921175.453345,185.175.0.3,185.175.0.8,1678931975.453345,2023-03-16 01:59:35.453345060,112.76865494,2023-03-16 01:59:35
1678921176.461211,185.175.0.3,185.175.0.8,1678931976.461211,2023-03-16 01:59:36.461210966,111.760789034,2023-03-16 01:59:36
1678921176.46125,185.175.0.8,185.175.0.3,1678931976.46125,2023-03-16 01:59:36.461250067,111.760749933,2023-03-16 01:59:36
1678921176.461284,185.175.0.3,185.175.0.8,1678931976.461284,2023-03-16 01:59:36.461283922,111.760716078,2023-03-16 01:59:36
1678921176.461438,185.175.0.3,185.175.0.8,1678931976.461438,2023-03-16 01:59:36.461437941,111.760562059,2023-03-16 01:59:36
1678921176.461455,185.175.0.8,185.175.0.3,1678931976.461455,2023-03-16 01:59:36.461455107,111.760544893,2023-03-16 01:59:36
1678921181.465564,185.175.0.3,185.175.0.8,1678931981.465564,2023-03-16 01:59:41.465564013,106.756435987,2023-03-16 01:59:41
1678921181.513207,185.175.0.8,185.175.0.3,1678931981.513207,2023-03-16 01:59:41.513206959,106.708793041,2023-03-16 01:59:41
1678921186.469339,185.175.0.3,185.175.0.8,1678931986.469339,2023-03-16 01:59:46.469338894,101.752661106,2023-03-16 01:59:46
1678921187.497206,185.175.0.3,185.175.0.8,1678931987.497206,2023-03-16 01:59:47.497205973,100.724794027,2023-03-16 01:59:47
1678921189.517211,185.175.0.3,185.175.0.8,1678931989.517211,2023-03-16 01:59:49.517210960,98.70478904,2023-03-16 01:59:49
1678921196.477333,185.175.0.3,185.175.0.8,1678931996.477333,2023-03-16 01:59:56.477333069,91.744666931,2023-03-16 01:59:56
1678921197.485222,185.175.0.3,185.175.0.8,1678931997.485222,2023-03-16 01:59:57.485222101,90.736777899,2023-03-16 01:59:57
1678921199.501581,185.175.0.3,185.175.0.8,1678931999.501581,2023-03-16 01:59:59.501580954,88.720419046,2023-03-16 01:59:59
1678921206.485287,185.175.0.3,185.175.0.8,1678932006.485287,2023-03-16 02:00:06.485286951,81.736713049,2023-03-16 02:00:06
1678921207.497222,185.175.0.3,185.175.0.8,1678932007.497222,2023-03-16 02:00:07.497221947,80.724778053,2023-03-16 02:00:07
1678921209.517223,185.175.0.3,185.175.0.8,1678932009.517223,2023-03-16 02:00:09.517222881,78.704777119,2023-03-16 02:00:09
1678921216.494073,185.175.0.3,185.175.0.8,1678932016.494073,2023-03-16 02:00:16.494072914,71.727927086,2023-03-16 02:00:16
1678921217.517223,185.175.0.3,185.175.0.8,1678932017.517223,2023-03-16 02:00:17.517222881,70.704777119,2023-03-16 02:00:17
1678921219.533203,185.175.0.3,185.175.0.8,1678932019.533203,2023-03-16 02:00:19.533202886,68.688797114,2023-03-16 02:00:19
1678921226.501345,185.175.0.3,185.175.0.8,1678932026.501345,2023-03-16 02:00:26.501344919,61.720655081,2023-03-16 02:00:26
1678921227.529215,185.175.0.3,185.175.0.8,1678932027.529215,2023-03-16 02:00:27.529215097,60.692784903,2023-03-16 02:00:27
1678921229.545216,185.175.0.3,185.175.0.8,1678932029.545216,2023-03-16 02:00:29.545216084,58.676783916,2023-03-16 02:00:29
1678921236.509494,185.175.0.3,185.175.0.8,1678932036.509494,2023-03-16 02:00:36.509494066,51.712505934,2023-03-16 02:00:36
1678921237.51721,185.175.0.3,185.175.0.8,1678932037.51721,2023-03-16 02:00:37.517210007,50.704789993,2023-03-16 02:00:37
1678921239.529208,185.175.0.3,185.175.0.8,1678932039.529208,2023-03-16 02:00:39.529207945,48.692792055,2023-03-16 02:00:39
1678921246.517661,185.175.0.3,185.175.0.8,1678932046.517661,2023-03-16 02:00:46.517661095,41.704338905,2023-03-16 02:00:46
1678921247.533251,185.175.0.3,185.175.0.8,1678932047.533251,2023-03-16 02:00:47.533251047,40.688748953,2023-03-16 02:00:47
1678921249.549199,185.175.0.3,185.175.0.8,1678932049.549199,2023-03-16 02:00:49.549199104,38.672800896,2023-03-16 02:00:49
1678921256.533336,185.175.0.3,185.175.0.8,1678932056.533336,2023-03-16 02:00:56.533335923,31.688664077,2023-03-16 02:00:56
1678921257.549201,185.175.0.3,185.175.0.8,1678932057.549201,2023-03-16 02:00:57.549201012,30.672798988,2023-03-16 02:00:57
1678921259.56519,185.175.0.3,185.175.0.8,1678932059.56519,2023-03-16 02:00:59.565190077,28.656809923,2023-03-16 02:00:59
1678921266.541341,185.175.0.3,185.175.0.8,1678932066.541341,2023-03-16 02:01:06.541341066,21.680658934,2023-03-16 02:01:06
1678921267.565206,185.175.0.3,185.175.0.8,1678932067.565206,2023-03-16 02:01:07.565206051,20.656793949,2023-03-16 02:01:07
1678921269.581221,185.175.0.3,185.175.0.8,1678932069.581221,2023-03-16 02:01:09.581221104,18.640778896,2023-03-16 02:01:09
1678921276.549331,185.175.0.3,185.175.0.8,1678932076.549331,2023-03-16 02:01:16.549330950,11.67266905,2023-03-16 02:01:16
1678921277.581208,185.175.0.3,185.175.0.8,1678932077.581208,2023-03-16 02:01:17.581207991,10.640792009,2023-03-16 02:01:17
1678921279.597196,185.175.0.3,185.175.0.8,1678932079.597196,2023-03-16 02:01:19.597196102,8.624803898,2023-03-16 02:01:19
1678921286.557338,185.175.0.3,185.175.0.8,1678932086.557338,2023-03-16 02:01:26.557337999,1.664662001,2023-03-16 02:01:26
1678921287.565215,185.175.0.3,185.175.0.8,1678932087.565215,2023-03-16 02:01:27.565215111,0.656784889,2023-03-16 02:01:27
1678921289.577209,185.175.0.3,185.175.0.8,1678932089.577209,2023-03-16 02:01:29.577208996,1.355208996,2023-03-16 02:01:29
1678921296.56934,185.175.0.3,185.175.0.8,1678932096.56934,2023-03-16 02:01:36.569339991,8.347339991,2023-03-16 02:01:36
1678921297.581207,185.175.0.3,185.175.0.8,1678932097.581207,2023-03-16 02:01:37.581207037,9.359207037,2023-03-16 02:01:37
1678921299.597206,185.175.0.3,185.175.0.8,1678932099.597206,2023-03-16 02:01:39.597206116,11.375206116,2023-03-16 02:01:39
1678921306.577334,185.175.0.3,185.175.0.8,1678932106.577334,2023-03-16 02:01:46.577333927,18.355333927,2023-03-16 02:01:46
1678921306.577362,185.175.0.8,185.175.0.3,1678932106.577362,2023-03-16 02:01:46.577362061,18.355362061,2023-03-16 02:01:46
1678921306.577389,185.175.0.3,185.175.0.8,1678932106.577389,2023-03-16 02:01:46.577389002,18.355389002,2023-03-16 02:01:46
1678921306.593209,185.175.0.3,185.175.0.8,1678932106.593209,2023-03-16 02:01:46.593209028,18.371209028,2023-03-16 02:01:46
1678921308.621202,185.175.0.3,185.175.0.8,1678932108.621202,2023-03-16 02:01:48.621201992,20.399201992,2023-03-16 02:01:48
1678921308.621239,185.175.0.8,185.175.0.3,1678932108.621239,2023-03-16 02:01:48.621238947,20.399238947,2023-03-16 02:01:48
1678921308.621272,185.175.0.3,185.175.0.8,1678932108.621272,2023-03-16 02:01:48.621272087,20.399272087,2023-03-16 02:01:48
1678921308.624432,185.175.0.3,185.175.0.8,1678932108.624432,2023-03-16 02:01:48.624432087,20.402432087,2023-03-16 02:01:48
1678921308.624449,185.175.0.8,185.175.0.3,1678932108.624449,2023-03-16 02:01:48.624449015,20.402449015,2023-03-16 02:01:48
1678921313.629329,185.175.0.3,185.175.0.8,1678932113.629329,2023-03-16 02:01:53.629328966,25.407328966,2023-03-16 02:01:53
1678921313.677215,185.175.0.8,185.175.0.3,1678932113.677215,2023-03-16 02:01:53.677215099,25.455215099,2023-03-16 02:01:53
1678921318.633334,185.175.0.3,185.175.0.8,1678932118.633334,2023-03-16 02:01:58.633333921,30.411333921,2023-03-16 02:01:58
1678921319.661207,185.175.0.3,185.175.0.8,1678932119.661207,2023-03-16 02:01:59.661206961,31.439206961,2023-03-16 02:01:59
1678921321.673205,185.175.0.3,185.175.0.8,1678932121.673205,2023-03-16 02:02:01.673204899,33.451204899,2023-03-16 02:02:01
1678921328.645356,185.175.0.3,185.175.0.8,1678932128.645356,2023-03-16 02:02:08.645355940,40.42335594,2023-03-16 02:02:08
1678921329.677215,185.175.0.3,185.175.0.8,1678932129.677215,2023-03-16 02:02:09.677215099,41.455215099,2023-03-16 02:02:09
1678921331.693207,185.175.0.3,185.175.0.8,1678932131.693207,2023-03-16 02:02:11.693207026,43.471207026,2023-03-16 02:02:11
1678921338.661334,185.175.0.3,185.175.0.8,1678932138.661334,2023-03-16 02:02:18.661334038,50.439334038,2023-03-16 02:02:18
1678921339.693205,185.175.0.3,185.175.0.8,1678932139.693205,2023-03-16 02:02:19.693205118,51.471205118,2023-03-16 02:02:19
1678921341.709206,185.175.0.3,185.175.0.8,1678932141.709206,2023-03-16 02:02:21.709206104,53.487206104,2023-03-16 02:02:21
1678921348.673332,185.175.0.3,185.175.0.8,1678932148.673332,2023-03-16 02:02:28.673331976,60.451331976,2023-03-16 02:02:28
1678921349.709261,185.175.0.3,185.175.0.8,1678932149.709261,2023-03-16 02:02:29.709260941,61.487260941,2023-03-16 02:02:29
1678921351.7252,185.175.0.3,185.175.0.8,1678932151.7252,2023-03-16 02:02:31.725199938,63.503199938,2023-03-16 02:02:31
1678921358.689359,185.175.0.3,185.175.0.8,1678932158.689359,2023-03-16 02:02:38.689358950,70.46735895,2023-03-16 02:02:38
1678921359.725217,185.175.0.3,185.175.0.8,1678932159.725217,2023-03-16 02:02:39.725217104,71.503217104,2023-03-16 02:02:39
1678921361.741215,185.175.0.3,185.175.0.8,1678932161.741215,2023-03-16 02:02:41.741214991,73.519214991,2023-03-16 02:02:41
1678921368.697346,185.175.0.3,185.175.0.8,1678932168.697346,2023-03-16 02:02:48.697345972,80.475345972,2023-03-16 02:02:48
1678921369.709206,185.175.0.3,185.175.0.8,1678932169.709206,2023-03-16 02:02:49.709206104,81.487206104,2023-03-16 02:02:49
1678921371.72521,185.175.0.3,185.175.0.8,1678932171.72521,2023-03-16 02:02:51.725209951,83.503209951,2023-03-16 02:02:51
1678921378.717294,185.175.0.3,185.175.0.8,1678932178.717294,2023-03-16 02:02:58.717293978,90.495293978,2023-03-16 02:02:58
1678921379.72121,185.175.0.3,185.175.0.8,1678932179.72121,2023-03-16 02:02:59.721210003,91.499210003,2023-03-16 02:02:59
1678921381.74121,185.175.0.3,185.175.0.8,1678932181.74121,2023-03-16 02:03:01.741209984,93.519209984,2023-03-16 02:03:01
1678921388.733332,185.175.0.3,185.175.0.8,1678932188.733332,2023-03-16 02:03:08.733331919,100.511331919,2023-03-16 02:03:08
1678921389.737202,185.175.0.3,185.175.0.8,1678932189.737202,2023-03-16 02:03:09.737201929,101.515201929,2023-03-16 02:03:09
1678921391.753203,185.175.0.3,185.175.0.8,1678932191.753203,2023-03-16 02:03:11.753202915,103.531202915,2023-03-16 02:03:11
1678921398.741343,185.175.0.3,185.175.0.8,1678932198.741343,2023-03-16 02:03:18.741343021,110.519343021,2023-03-16 02:03:18
1678921399.753201,185.175.0.3,185.175.0.8,1678932199.753201,2023-03-16 02:03:19.753201008,111.531201008,2023-03-16 02:03:19
1678921401.769201,185.175.0.3,185.175.0.8,1678932201.769201,2023-03-16 02:03:21.769201040,113.54720104,2023-03-16 02:03:21
1678921408.753476,185.175.0.3,185.175.0.8,1678932208.753476,2023-03-16 02:03:28.753475904,120.531475904,2023-03-16 02:03:28
1678921409.769213,185.175.0.3,185.175.0.8,1678932209.769213,2023-03-16 02:03:29.769212961,121.547212961,2023-03-16 02:03:29
1678921411.789206,185.175.0.3,185.175.0.8,1678932211.789206,2023-03-16 02:03:31.789206028,123.567206028,2023-03-16 02:03:31
1678921418.762632,185.175.0.3,185.175.0.8,1678932218.762632,2023-03-16 02:03:38.762631893,130.540631893,2023-03-16 02:03:38
1678921419.789202,185.175.0.3,185.175.0.8,1678932219.789202,2023-03-16 02:03:39.789201975,131.567201975,2023-03-16 02:03:39
1678921421.805206,185.175.0.3,185.175.0.8,1678932221.805206,2023-03-16 02:03:41.805206060,133.58320606,2023-03-16 02:03:41
1678921428.769341,185.175.0.3,185.175.0.8,1678932228.769341,2023-03-16 02:03:48.769340992,140.547340992,2023-03-16 02:03:48
1678921429.801205,185.175.0.3,185.175.0.8,1678932229.801205,2023-03-16 02:03:49.801204920,141.57920492,2023-03-16 02:03:49
1678921431.817202,185.175.0.3,185.175.0.8,1678932231.817202,2023-03-16 02:03:51.817202091,143.595202091,2023-03-16 02:03:51
1678921438.777337,185.175.0.3,185.175.0.8,1678932238.777337,2023-03-16 02:03:58.777337074,150.555337074,2023-03-16 02:03:58
1678921438.777374,185.175.0.8,185.175.0.3,1678932238.777374,2023-03-16 02:03:58.777374029,150.555374029,2023-03-16 02:03:58
1678921438.7774,185.175.0.3,185.175.0.8,1678932238.7774,2023-03-16 02:03:58.777400017,150.555400017,2023-03-16 02:03:58
1678921438.777499,185.175.0.3,185.175.0.8,1678932238.777499,2023-03-16 02:03:58.777498960,150.55549896,2023-03-16 02:03:58
1678921438.777515,185.175.0.8,185.175.0.3,1678932238.777515,2023-03-16 02:03:58.777514935,150.555514935,2023-03-16 02:03:58
1678921443.781346,185.175.0.3,185.175.0.8,1678932243.781346,2023-03-16 02:04:03.781346083,155.559346083,2023-03-16 02:04:03
1678921443.825204,185.175.0.8,185.175.0.3,1678932243.825204,2023-03-16 02:04:03.825203896,155.603203896,2023-03-16 02:04:03
1678921448.785732,185.175.0.3,185.175.0.8,1678932248.785732,2023-03-16 02:04:08.785732031,160.563732031,2023-03-16 02:04:08
1678921449.805222,185.175.0.3,185.175.0.8,1678932249.805222,2023-03-16 02:04:09.805222034,161.583222034,2023-03-16 02:04:09
1678921451.817208,185.175.0.3,185.175.0.8,1678932251.817208,2023-03-16 02:04:11.817208052,163.595208052,2023-03-16 02:04:11
1678921458.797362,185.175.0.3,185.175.0.8,1678932258.797362,2023-03-16 02:04:18.797362089,170.575362089,2023-03-16 02:04:18
1678921459.817204,185.175.0.3,185.175.0.8,1678932259.817204,2023-03-16 02:04:19.817203999,171.595203999,2023-03-16 02:04:19
1678921461.83721,185.175.0.3,185.175.0.8,1678932261.83721,2023-03-16 02:04:21.837209940,173.61520994,2023-03-16 02:04:21
1678921468.805346,185.175.0.3,185.175.0.8,1678932268.805346,2023-03-16 02:04:28.805346012,180.583346012,2023-03-16 02:04:28
1678921469.837211,185.175.0.3,185.175.0.8,1678932269.837211,2023-03-16 02:04:29.837210894,181.615210894,2023-03-16 02:04:29
1678921471.849204,185.175.0.3,185.175.0.8,1678932271.849204,2023-03-16 02:04:31.849204063,183.627204063,2023-03-16 02:04:31
1678921478.817409,185.175.0.3,185.175.0.8,1678932278.817409,2023-03-16 02:04:38.817409039,190.595409039,2023-03-16 02:04:38
1678921478.817434,185.175.0.8,185.175.0.3,1678932278.817434,2023-03-16 02:04:38.817434072,190.595434072,2023-03-16 02:04:38
1678921478.817458,185.175.0.3,185.175.0.8,1678932278.817458,2023-03-16 02:04:38.817457914,190.595457914,2023-03-16 02:04:38
1678921478.829206,185.175.0.3,185.175.0.8,1678932278.829206,2023-03-16 02:04:38.829205990,190.60720599,2023-03-16 02:04:38
1678921480.841226,185.175.0.3,185.175.0.8,1678932280.841226,2023-03-16 02:04:40.841226101,192.619226101,2023-03-16 02:04:40
1678921488.829339,185.175.0.3,185.175.0.8,1678932288.829339,2023-03-16 02:04:48.829339027,200.607339027,2023-03-16 02:04:48
1678921488.829366,185.175.0.8,185.175.0.3,1678932288.829366,2023-03-16 02:04:48.829365969,200.607365969,2023-03-16 02:04:48
1678921488.829393,185.175.0.3,185.175.0.8,1678932288.829393,2023-03-16 02:04:48.829392910,200.60739291,2023-03-16 02:04:48
1678921488.841223,185.175.0.3,185.175.0.8,1678932288.841223,2023-03-16 02:04:48.841223001,200.619223001,2023-03-16 02:04:48
1678921490.857226,185.175.0.3,185.175.0.8,1678932290.857226,2023-03-16 02:04:50.857225895,202.635225895,2023-03-16 02:04:50
1678921498.841401,185.175.0.3,185.175.0.8,1678932298.841401,2023-03-16 02:04:58.841401100,210.6194011,2023-03-16 02:04:58
1678921499.849193,185.175.0.3,185.175.0.8,1678932299.849193,2023-03-16 02:04:59.849193096,211.627193096,2023-03-16 02:04:59
1678921501.865204,185.175.0.3,185.175.0.8,1678932301.865204,2023-03-16 02:05:01.865204096,213.643204096,2023-03-16 02:05:01
1678921508.853357,185.175.0.3,185.175.0.8,1678932308.853357,2023-03-16 02:05:08.853357077,220.631357077,2023-03-16 02:05:08
1678921509.865196,185.175.0.3,185.175.0.8,1678932309.865196,2023-03-16 02:05:09.865195990,221.64319599,2023-03-16 02:05:09
1678921511.881206,185.175.0.3,185.175.0.8,1678932311.881206,2023-03-16 02:05:11.881206036,223.659206036,2023-03-16 02:05:11
1678921518.865333,185.175.0.3,185.175.0.8,1678932318.865333,2023-03-16 02:05:18.865333080,230.64333308,2023-03-16 02:05:18
1678921519.881207,185.175.0.3,185.175.0.8,1678932319.881207,2023-03-16 02:05:19.881206989,231.659206989,2023-03-16 02:05:19
1678921521.897206,185.175.0.3,185.175.0.8,1678932321.897206,2023-03-16 02:05:21.897206068,233.675206068,2023-03-16 02:05:21
1678921528.873341,185.175.0.3,185.175.0.8,1678932328.873341,2023-03-16 02:05:28.873341084,240.651341084,2023-03-16 02:05:28
1678921529.897193,185.175.0.3,185.175.0.8,1678932329.897193,2023-03-16 02:05:29.897192955,241.675192955,2023-03-16 02:05:29
1678921531.913215,185.175.0.3,185.175.0.8,1678932331.913215,2023-03-16 02:05:31.913214922,243.691214922,2023-03-16 02:05:31
1678921538.886258,185.175.0.3,185.175.0.8,1678932338.886258,2023-03-16 02:05:38.886257887,250.664257887,2023-03-16 02:05:38
1678921539.917203,185.175.0.3,185.175.0.8,1678932339.917203,2023-03-16 02:05:39.917202950,251.69520295,2023-03-16 02:05:39
1678921541.933208,185.175.0.3,185.175.0.8,1678932341.933208,2023-03-16 02:05:41.933207989,253.711207989,2023-03-16 02:05:41
1678921548.933908,185.175.0.3,185.175.0.8,1678932348.933908,2023-03-16 02:05:48.933907986,260.711907986,2023-03-16 02:05:48
1678921549.961208,185.175.0.3,185.175.0.8,1678932349.961208,2023-03-16 02:05:49.961208105,261.739208105,2023-03-16 02:05:49
1678921551.981208,185.175.0.3,185.175.0.8,1678932351.981208,2023-03-16 02:05:51.981208086,263.759208086,2023-03-16 02:05:51
1678921558.941345,185.175.0.3,185.175.0.8,1678932358.941345,2023-03-16 02:05:58.941344976,270.719344976,2023-03-16 02:05:58
1678921559.945214,185.175.0.3,185.175.0.8,1678932359.945214,2023-03-16 02:05:59.945214033,271.723214033,2023-03-16 02:05:59
1678921561.965215,185.175.0.3,185.175.0.8,1678932361.965215,2023-03-16 02:06:01.965214968,273.743214968,2023-03-16 02:06:01
1678921568.949345,185.175.0.3,185.175.0.8,1678932368.949345,2023-03-16 02:06:08.949345112,280.727345112,2023-03-16 02:06:08
1678921569.961204,185.175.0.3,185.175.0.8,1678932369.961204,2023-03-16 02:06:09.961204052,281.739204052,2023-03-16 02:06:09
1678921569.961241,185.175.0.8,185.175.0.3,1678932369.961241,2023-03-16 02:06:09.961241007,281.739241007,2023-03-16 02:06:09
1678921569.961274,185.175.0.3,185.175.0.8,1678932369.961274,2023-03-16 02:06:09.961273909,281.739273909,2023-03-16 02:06:09
1678921569.961449,185.175.0.3,185.175.0.8,1678932369.961449,2023-03-16 02:06:09.961448908,281.739448908,2023-03-16 02:06:09
1678921569.96147,185.175.0.8,185.175.0.3,1678932369.96147,2023-03-16 02:06:09.961469889,281.739469889,2023-03-16 02:06:09
1678921574.965336,185.175.0.3,185.175.0.8,1678932374.965336,2023-03-16 02:06:14.965336084,286.743336084,2023-03-16 02:06:14
1678921575.009203,185.175.0.8,185.175.0.3,1678932375.009203,2023-03-16 02:06:15.009202957,286.787202957,2023-03-16 02:06:15
1678921579.969341,185.175.0.3,185.175.0.8,1678932379.969341,2023-03-16 02:06:19.969341040,291.74734104,2023-03-16 02:06:19
1678921579.969367,185.175.0.8,185.175.0.3,1678932379.969367,2023-03-16 02:06:19.969367027,291.747367027,2023-03-16 02:06:19
1678921579.969394,185.175.0.3,185.175.0.8,1678932379.969394,2023-03-16 02:06:19.969393969,291.747393969,2023-03-16 02:06:19
1678921579.98522,185.175.0.3,185.175.0.8,1678932379.98522,2023-03-16 02:06:19.985219955,291.763219955,2023-03-16 02:06:19
1678921581.997203,185.175.0.3,185.175.0.8,1678932381.997203,2023-03-16 02:06:21.997203112,293.775203112,2023-03-16 02:06:21
1678921589.977335,185.175.0.3,185.175.0.8,1678932389.977335,2023-03-16 02:06:29.977334976,301.755334976,2023-03-16 02:06:29
1678921590.985192,185.175.0.3,185.175.0.8,1678932390.985192,2023-03-16 02:06:30.985192060,302.76319206,2023-03-16 02:06:30
1678921593.001206,185.175.0.3,185.175.0.8,1678932393.001206,2023-03-16 02:06:33.001205921,304.779205921,2023-03-16 02:06:33
1678921599.989339,185.175.0.3,185.175.0.8,1678932399.989339,2023-03-16 02:06:39.989339113,311.767339113,2023-03-16 02:06:39
1678921601.005204,185.175.0.3,185.175.0.8,1678932401.005204,2023-03-16 02:06:41.005203962,312.783203962,2023-03-16 02:06:41
1678921603.021206,185.175.0.3,185.175.0.8,1678932403.021206,2023-03-16 02:06:43.021205902,314.799205902,2023-03-16 02:06:43
1678921609.997345,185.175.0.3,185.175.0.8,1678932409.997345,2023-03-16 02:06:49.997344971,321.775344971,2023-03-16 02:06:49
1678921611.021203,185.175.0.3,185.175.0.8,1678932411.021203,2023-03-16 02:06:51.021203041,322.799203041,2023-03-16 02:06:51
1678921613.037212,185.175.0.3,185.175.0.8,1678932413.037212,2023-03-16 02:06:53.037211895,324.815211895,2023-03-16 02:06:53
1678921620.005349,185.175.0.3,185.175.0.8,1678932420.005349,2023-03-16 02:07:00.005348921,331.783348921,2023-03-16 02:07:00
1678921621.03721,185.175.0.3,185.175.0.8,1678932421.03721,2023-03-16 02:07:01.037209988,332.815209988,2023-03-16 02:07:01
1678921623.049207,185.175.0.3,185.175.0.8,1678932423.049207,2023-03-16 02:07:03.049206972,334.827206972,2023-03-16 02:07:03
1678921630.017341,185.175.0.3,185.175.0.8,1678932430.017341,2023-03-16 02:07:10.017340899,341.795340899,2023-03-16 02:07:10
1678921631.049211,185.175.0.3,185.175.0.8,1678932431.049211,2023-03-16 02:07:11.049211025,342.827211025,2023-03-16 02:07:11
1678921633.069204,185.175.0.3,185.175.0.8,1678932433.069204,2023-03-16 02:07:13.069204092,344.847204092,2023-03-16 02:07:13
1678921640.081331,185.175.0.3,185.175.0.8,1678932440.081331,2023-03-16 02:07:20.081331015,351.859331015,2023-03-16 02:07:20
1678921640.081359,185.175.0.8,185.175.0.3,1678932440.081359,2023-03-16 02:07:20.081358910,351.85935891,2023-03-16 02:07:20
1678921640.081385,185.175.0.3,185.175.0.8,1678932440.081385,2023-03-16 02:07:20.081384897,351.859384897,2023-03-16 02:07:20
1678921640.093204,185.175.0.3,185.175.0.8,1678932440.093204,2023-03-16 02:07:20.093204021,351.871204021,2023-03-16 02:07:20
1678921642.125212,185.175.0.3,185.175.0.8,1678932442.125212,2023-03-16 02:07:22.125211953,353.903211953,2023-03-16 02:07:22
1678921650.096358,185.175.0.3,185.175.0.8,1678932450.096358,2023-03-16 02:07:30.096358061,361.874358061,2023-03-16 02:07:30
1678921651.113208,185.175.0.3,185.175.0.8,1678932451.113208,2023-03-16 02:07:31.113208055,362.891208055,2023-03-16 02:07:31
1678921653.133214,185.175.0.3,185.175.0.8,1678932453.133214,2023-03-16 02:07:33.133213997,364.911213997,2023-03-16 02:07:33
1678921660.105329,185.175.0.3,185.175.0.8,1678932460.105329,2023-03-16 02:07:40.105329037,371.883329037,2023-03-16 02:07:40
1678921661.133223,185.175.0.3,185.175.0.8,1678932461.133223,2023-03-16 02:07:41.133223057,372.911223057,2023-03-16 02:07:41
1678921663.149217,185.175.0.3,185.175.0.8,1678932463.149217,2023-03-16 02:07:43.149216890,374.92721689,2023-03-16 02:07:43
1678921670.117336,185.175.0.3,185.175.0.8,1678932470.117336,2023-03-16 02:07:50.117336035,381.895336035,2023-03-16 02:07:50
1678921671.145228,185.175.0.3,185.175.0.8,1678932471.145228,2023-03-16 02:07:51.145227909,382.923227909,2023-03-16 02:07:51
1678921673.165205,185.175.0.3,185.175.0.8,1678932473.165205,2023-03-16 02:07:53.165205002,384.943205002,2023-03-16 02:07:53
1678921680.125342,185.175.0.3,185.175.0.8,1678932480.125342,2023-03-16 02:08:00.125341892,391.903341892,2023-03-16 02:08:00
1678921681.129203,185.175.0.3,185.175.0.8,1678932481.129203,2023-03-16 02:08:01.129203081,392.907203081,2023-03-16 02:08:01
1678921683.149213,185.175.0.3,185.175.0.8,1678932483.149213,2023-03-16 02:08:03.149213076,394.927213076,2023-03-16 02:08:03
1678921690.133518,185.175.0.3,185.175.0.8,1678932490.133518,2023-03-16 02:08:10.133517981,401.911517981,2023-03-16 02:08:10
1678921691.149213,185.175.0.3,185.175.0.8,1678932491.149213,2023-03-16 02:08:11.149213076,402.927213076,2023-03-16 02:08:11
1678921693.165212,185.175.0.3,185.175.0.8,1678932493.165212,2023-03-16 02:08:13.165211916,404.943211916,2023-03-16 02:08:13
1678921700.145423,185.175.0.3,185.175.0.8,1678932500.145423,2023-03-16 02:08:20.145422935,411.923422935,2023-03-16 02:08:20
1678921701.165202,185.175.0.3,185.175.0.8,1678932501.165202,2023-03-16 02:08:21.165201902,412.943201902,2023-03-16 02:08:21
1678921701.165241,185.175.0.8,185.175.0.3,1678932501.165241,2023-03-16 02:08:21.165241003,412.943241003,2023-03-16 02:08:21
1678921701.165273,185.175.0.3,185.175.0.8,1678932501.165273,2023-03-16 02:08:21.165272951,412.943272951,2023-03-16 02:08:21
1678921701.1693,185.175.0.3,185.175.0.8,1678932501.1693,2023-03-16 02:08:21.169300079,412.947300079,2023-03-16 02:08:21
1678921701.169318,185.175.0.8,185.175.0.3,1678932501.169318,2023-03-16 02:08:21.169317961,412.947317961,2023-03-16 02:08:21
1678921706.173651,185.175.0.3,185.175.0.8,1678932506.173651,2023-03-16 02:08:26.173650980,417.95165098,2023-03-16 02:08:26
1678921706.217221,185.175.0.8,185.175.0.3,1678932506.217221,2023-03-16 02:08:26.217221022,417.995221022,2023-03-16 02:08:26
1678921711.177609,185.175.0.3,185.175.0.8,1678932511.177609,2023-03-16 02:08:31.177608967,422.955608967,2023-03-16 02:08:31
1678921712.205227,185.175.0.3,185.175.0.8,1678932512.205227,2023-03-16 02:08:32.205226898,423.983226898,2023-03-16 02:08:32
1678921714.221215,185.175.0.3,185.175.0.8,1678932514.221215,2023-03-16 02:08:34.221215010,425.99921501,2023-03-16 02:08:34
1678921721.185676,185.175.0.3,185.175.0.8,1678932521.185676,2023-03-16 02:08:41.185676098,432.963676098,2023-03-16 02:08:41
1678921722.217206,185.175.0.3,185.175.0.8,1678932522.217206,2023-03-16 02:08:42.217206001,433.995206001,2023-03-16 02:08:42
1678921724.237216,185.175.0.3,185.175.0.8,1678932524.237216,2023-03-16 02:08:44.237215996,436.015215996,2023-03-16 02:08:44
1678921731.1973,185.175.0.3,185.175.0.8,1678932531.1973,2023-03-16 02:08:51.197299957,442.975299957,2023-03-16 02:08:51
1678921732.205227,185.175.0.3,185.175.0.8,1678932532.205227,2023-03-16 02:08:52.205226898,443.983226898,2023-03-16 02:08:52
1678921734.221216,185.175.0.3,185.175.0.8,1678932534.221216,2023-03-16 02:08:54.221215963,445.999215963,2023-03-16 02:08:54
1678921741.205339,185.175.0.3,185.175.0.8,1678932541.205339,2023-03-16 02:09:01.205338955,452.983338955,2023-03-16 02:09:01
1678921742.221207,185.175.0.3,185.175.0.8,1678932542.221207,2023-03-16 02:09:02.221206903,453.999206903,2023-03-16 02:09:02
1678921744.237223,185.175.0.3,185.175.0.8,1678932544.237223,2023-03-16 02:09:04.237222910,456.01522291,2023-03-16 02:09:04
1678921751.213347,185.175.0.3,185.175.0.8,1678932551.213347,2023-03-16 02:09:11.213346958,462.991346958,2023-03-16 02:09:11
1678921752.237216,185.175.0.3,185.175.0.8,1678932552.237216,2023-03-16 02:09:12.237215996,464.015215996,2023-03-16 02:09:12
1678921754.253203,185.175.0.3,185.175.0.8,1678932554.253203,2023-03-16 02:09:14.253202914,466.031202914,2023-03-16 02:09:14
1678921761.221341,185.175.0.3,185.175.0.8,1678932561.221341,2023-03-16 02:09:21.221340895,472.999340895,2023-03-16 02:09:21
1678921762.253221,185.175.0.3,185.175.0.8,1678932562.253221,2023-03-16 02:09:22.253221034,474.031221034,2023-03-16 02:09:22
1678921764.269212,185.175.0.3,185.175.0.8,1678932564.269212,2023-03-16 02:09:24.269212008,476.047212008,2023-03-16 02:09:24
1678921771.229342,185.175.0.3,185.175.0.8,1678932571.229342,2023-03-16 02:09:31.229341984,483.007341984,2023-03-16 02:09:31
1678921772.237208,185.175.0.3,185.175.0.8,1678932572.237208,2023-03-16 02:09:32.237207890,484.01520789,2023-03-16 02:09:32
1678921774.253354,185.175.0.3,185.175.0.8,1678932574.253354,2023-03-16 02:09:34.253354073,486.031354073,2023-03-16 02:09:34
1678921781.237349,185.175.0.3,185.175.0.8,1678932581.237349,2023-03-16 02:09:41.237349033,493.015349033,2023-03-16 02:09:41
1678921782.249221,185.175.0.3,185.175.0.8,1678932582.249221,2023-03-16 02:09:42.249221087,494.027221087,2023-03-16 02:09:42
1678921784.265212,185.175.0.3,185.175.0.8,1678932584.265212,2023-03-16 02:09:44.265212059,496.043212059,2023-03-16 02:09:44
1678921791.245334,185.175.0.3,185.175.0.8,1678932591.245334,2023-03-16 02:09:51.245333910,503.02333391,2023-03-16 02:09:51
1678921792.26921,185.175.0.3,185.175.0.8,1678932592.26921,2023-03-16 02:09:52.269210100,504.0472101,2023-03-16 02:09:52
1678921794.285214,185.175.0.3,185.175.0.8,1678932594.285214,2023-03-16 02:09:54.285213947,506.063213947,2023-03-16 02:09:54
1678921801.257355,185.175.0.3,185.175.0.8,1678932601.257355,2023-03-16 02:10:01.257354975,513.035354975,2023-03-16 02:10:01
1678921802.281281,185.175.0.3,185.175.0.8,1678932602.281281,2023-03-16 02:10:02.281280994,514.059280994,2023-03-16 02:10:02
1678921804.30121,185.175.0.3,185.175.0.8,1678932604.30121,2023-03-16 02:10:04.301209927,516.079209927,2023-03-16 02:10:04
1678921811.265343,185.175.0.3,185.175.0.8,1678932611.265343,2023-03-16 02:10:11.265342951,523.043342951,2023-03-16 02:10:11
1678921812.297213,185.175.0.3,185.175.0.8,1678932612.297213,2023-03-16 02:10:12.297213078,524.075213078,2023-03-16 02:10:12
1678921814.313211,185.175.0.3,185.175.0.8,1678932614.313211,2023-03-16 02:10:14.313210964,526.091210964,2023-03-16 02:10:14
1678921821.273347,185.175.0.3,185.175.0.8,1678932621.273347,2023-03-16 02:10:21.273346901,533.051346901,2023-03-16 02:10:21
1678921821.273376,185.175.0.8,185.175.0.3,1678932621.273376,2023-03-16 02:10:21.273375988,533.051375988,2023-03-16 02:10:21
1678921821.273403,185.175.0.3,185.175.0.8,1678932621.273403,2023-03-16 02:10:21.273402929,533.051402929,2023-03-16 02:10:21
1678921821.285223,185.175.0.3,185.175.0.8,1678932621.285223,2023-03-16 02:10:21.285223007,533.063223007,2023-03-16 02:10:21
1678921823.309205,185.175.0.3,185.175.0.8,1678932623.309205,2023-03-16 02:10:23.309205055,535.087205055,2023-03-16 02:10:23
1678921831.289334,185.175.0.3,185.175.0.8,1678932631.289334,2023-03-16 02:10:31.289334059,543.067334059,2023-03-16 02:10:31
1678921832.297211,185.175.0.3,185.175.0.8,1678932632.297211,2023-03-16 02:10:32.297210932,544.075210932,2023-03-16 02:10:32
1678921832.29725,185.175.0.8,185.175.0.3,1678932632.29725,2023-03-16 02:10:32.297250032,544.075250032,2023-03-16 02:10:32
1678921832.297283,185.175.0.3,185.175.0.8,1678932632.297283,2023-03-16 02:10:32.297282934,544.075282934,2023-03-16 02:10:32
1678921832.297466,185.175.0.3,185.175.0.8,1678932632.297466,2023-03-16 02:10:32.297466040,544.07546604,2023-03-16 02:10:32
1678921832.297483,185.175.0.8,185.175.0.3,1678932632.297483,2023-03-16 02:10:32.297482967,544.075482967,2023-03-16 02:10:32
1678921837.305353,185.175.0.3,185.175.0.8,1678932637.305353,2023-03-16 02:10:37.305352926,549.083352926,2023-03-16 02:10:37
1678921837.349201,185.175.0.8,185.175.0.3,1678932637.349201,2023-03-16 02:10:37.349200964,549.127200964,2023-03-16 02:10:37
1678921842.309369,185.175.0.3,185.175.0.8,1678932642.309369,2023-03-16 02:10:42.309369087,554.087369087,2023-03-16 02:10:42
1678921843.337215,185.175.0.3,185.175.0.8,1678932643.337215,2023-03-16 02:10:43.337214947,555.115214947,2023-03-16 02:10:43
1678921845.353216,185.175.0.3,185.175.0.8,1678932645.353216,2023-03-16 02:10:45.353215933,557.131215933,2023-03-16 02:10:45
1678921852.317346,185.175.0.3,185.175.0.8,1678932652.317346,2023-03-16 02:10:52.317346096,564.095346096,2023-03-16 02:10:52
1678921853.32121,185.175.0.3,185.175.0.8,1678932653.32121,2023-03-16 02:10:53.321209908,565.099209908,2023-03-16 02:10:53
1678921855.337208,185.175.0.3,185.175.0.8,1678932655.337208,2023-03-16 02:10:55.337208033,567.115208033,2023-03-16 02:10:55
1678921862.329346,185.175.0.3,185.175.0.8,1678932662.329346,2023-03-16 02:11:02.329345942,574.107345942,2023-03-16 02:11:02
1678921863.337217,185.175.0.3,185.175.0.8,1678932663.337217,2023-03-16 02:11:03.337217093,575.115217093,2023-03-16 02:11:03
1678921865.353217,185.175.0.3,185.175.0.8,1678932665.353217,2023-03-16 02:11:05.353216887,577.131216887,2023-03-16 02:11:05
1678921872.337874,185.175.0.3,185.175.0.8,1678932672.337874,2023-03-16 02:11:12.337873936,584.115873936,2023-03-16 02:11:12
1678921873.35321,185.175.0.3,185.175.0.8,1678932673.35321,2023-03-16 02:11:13.353209972,585.131209972,2023-03-16 02:11:13
1678921875.369206,185.175.0.3,185.175.0.8,1678932675.369206,2023-03-16 02:11:15.369205952,587.147205952,2023-03-16 02:11:15
1678921882.349334,185.175.0.3,185.175.0.8,1678932682.349334,2023-03-16 02:11:22.349334002,594.127334002,2023-03-16 02:11:22
1678921882.349363,185.175.0.8,185.175.0.3,1678932682.349363,2023-03-16 02:11:22.349363089,594.127363089,2023-03-16 02:11:22
1678921882.349389,185.175.0.3,185.175.0.8,1678932682.349389,2023-03-16 02:11:22.349389076,594.127389076,2023-03-16 02:11:22
1678921882.361207,185.175.0.3,185.175.0.8,1678932682.361207,2023-03-16 02:11:22.361207008,594.139207008,2023-03-16 02:11:22
1678921884.393208,185.175.0.3,185.175.0.8,1678932684.393208,2023-03-16 02:11:24.393208027,596.171208027,2023-03-16 02:11:24
1678921892.36212,185.175.0.3,185.175.0.8,1678932692.36212,2023-03-16 02:11:32.362119913,604.140119913,2023-03-16 02:11:32
1678921893.385209,185.175.0.3,185.175.0.8,1678932693.385209,2023-03-16 02:11:33.385209084,605.163209084,2023-03-16 02:11:33
1678921895.401229,185.175.0.3,185.175.0.8,1678932695.401229,2023-03-16 02:11:35.401228905,607.179228905,2023-03-16 02:11:35
1678921902.377357,185.175.0.3,185.175.0.8,1678932702.377357,2023-03-16 02:11:42.377357006,614.155357006,2023-03-16 02:11:42
1678921903.401205,185.175.0.3,185.175.0.8,1678932703.401205,2023-03-16 02:11:43.401205063,615.179205063,2023-03-16 02:11:43
1678921905.421216,185.175.0.3,185.175.0.8,1678932705.421216,2023-03-16 02:11:45.421216011,617.199216011,2023-03-16 02:11:45
1678921912.389305,185.175.0.3,185.175.0.8,1678932712.389305,2023-03-16 02:11:52.389305115,624.167305115,2023-03-16 02:11:52
1678921913.421215,185.175.0.3,185.175.0.8,1678932713.421215,2023-03-16 02:11:53.421215057,625.199215057,2023-03-16 02:11:53
1678921915.433217,185.175.0.3,185.175.0.8,1678932715.433217,2023-03-16 02:11:55.433217049,627.211217049,2023-03-16 02:11:55
1678921922.401343,185.175.0.3,185.175.0.8,1678932722.401343,2023-03-16 02:12:02.401343107,634.179343107,2023-03-16 02:12:02
1678921923.437218,185.175.0.3,185.175.0.8,1678932723.437218,2023-03-16 02:12:03.437217951,635.215217951,2023-03-16 02:12:03
1678921925.453218,185.175.0.3,185.175.0.8,1678932725.453218,2023-03-16 02:12:05.453217983,637.231217983,2023-03-16 02:12:05
1678921932.413457,185.175.0.3,185.175.0.8,1678932732.413457,2023-03-16 02:12:12.413456917,644.191456917,2023-03-16 02:12:12
1678921933.421206,185.175.0.3,185.175.0.8,1678932733.421206,2023-03-16 02:12:13.421205997,645.199205997,2023-03-16 02:12:13
1678921935.437206,185.175.0.3,185.175.0.8,1678932735.437206,2023-03-16 02:12:15.437206030,647.21520603,2023-03-16 02:12:15
1678921942.42134,185.175.0.3,185.175.0.8,1678932742.42134,2023-03-16 02:12:22.421339989,654.199339989,2023-03-16 02:12:22
1678921943.433213,185.175.0.3,185.175.0.8,1678932743.433213,2023-03-16 02:12:23.433212996,655.211212996,2023-03-16 02:12:23
1678921945.449206,185.175.0.3,185.175.0.8,1678932745.449206,2023-03-16 02:12:25.449206114,657.227206114,2023-03-16 02:12:25
1678921952.429338,185.175.0.3,185.175.0.8,1678932752.429338,2023-03-16 02:12:32.429337978,664.207337978,2023-03-16 02:12:32
1678921953.449222,185.175.0.3,185.175.0.8,1678932753.449222,2023-03-16 02:12:33.449222088,665.227222088,2023-03-16 02:12:33
1678921955.465205,185.175.0.3,185.175.0.8,1678932755.465205,2023-03-16 02:12:35.465204954,667.243204954,2023-03-16 02:12:35
1678921962.437337,185.175.0.3,185.175.0.8,1678932762.437337,2023-03-16 02:12:42.437336922,674.215336922,2023-03-16 02:12:42
1678921962.437371,185.175.0.8,185.175.0.3,1678932762.437371,2023-03-16 02:12:42.437371016,674.215371016,2023-03-16 02:12:42
1678921962.437396,185.175.0.3,185.175.0.8,1678932762.437396,2023-03-16 02:12:42.437396049,674.215396049,2023-03-16 02:12:42
1678921962.437497,185.175.0.3,185.175.0.8,1678932762.437497,2023-03-16 02:12:42.437496901,674.215496901,2023-03-16 02:12:42
1678921962.437514,185.175.0.8,185.175.0.3,1678932762.437514,2023-03-16 02:12:42.437514067,674.215514067,2023-03-16 02:12:42
1678921967.445281,185.175.0.3,185.175.0.8,1678932767.445281,2023-03-16 02:12:47.445281029,679.223281029,2023-03-16 02:12:47
1678921967.493207,185.175.0.8,185.175.0.3,1678932767.493207,2023-03-16 02:12:47.493206978,679.271206978,2023-03-16 02:12:47
1678921972.453339,185.175.0.3,185.175.0.8,1678932772.453339,2023-03-16 02:12:52.453339100,684.2313391,2023-03-16 02:12:52
1678921973.481205,185.175.0.3,185.175.0.8,1678932773.481205,2023-03-16 02:12:53.481204987,685.259204987,2023-03-16 02:12:53
1678921975.501209,185.175.0.3,185.175.0.8,1678932775.501209,2023-03-16 02:12:55.501209021,687.279209021,2023-03-16 02:12:55
1678921982.461336,185.175.0.3,185.175.0.8,1678932782.461336,2023-03-16 02:13:02.461335897,694.239335897,2023-03-16 02:13:02
1678921983.469203,185.175.0.3,185.175.0.8,1678932783.469203,2023-03-16 02:13:03.469202995,695.247202995,2023-03-16 02:13:03
1678921985.481203,185.175.0.3,185.175.0.8,1678932785.481203,2023-03-16 02:13:05.481203079,697.259203079,2023-03-16 02:13:05
1678921992.469343,185.175.0.3,185.175.0.8,1678932792.469343,2023-03-16 02:13:12.469342947,704.247342947,2023-03-16 02:13:12
1678921993.485204,185.175.0.3,185.175.0.8,1678932793.485204,2023-03-16 02:13:13.485203981,705.263203981,2023-03-16 02:13:13
1678921995.501209,185.175.0.3,185.175.0.8,1678932795.501209,2023-03-16 02:13:15.501209021,707.279209021,2023-03-16 02:13:15
1678922002.477341,185.175.0.3,185.175.0.8,1678932802.477341,2023-03-16 02:13:22.477340937,714.255340937,2023-03-16 02:13:22
1678922003.501214,185.175.0.3,185.175.0.8,1678932803.501214,2023-03-16 02:13:23.501214026,715.279214026,2023-03-16 02:13:23
1678922005.513225,185.175.0.3,185.175.0.8,1678932805.513225,2023-03-16 02:13:25.513225079,717.291225079,2023-03-16 02:13:25
1678922012.485338,185.175.0.3,185.175.0.8,1678932812.485338,2023-03-16 02:13:32.485337973,724.263337973,2023-03-16 02:13:32
1678922013.513201,185.175.0.3,185.175.0.8,1678932813.513201,2023-03-16 02:13:33.513200997,725.291200997,2023-03-16 02:13:33
1678922015.529233,185.175.0.3,185.175.0.8,1678932815.529233,2023-03-16 02:13:35.529232979,727.307232979,2023-03-16 02:13:35
1678922022.493338,185.175.0.3,185.175.0.8,1678932822.493338,2023-03-16 02:13:42.493338108,734.271338108,2023-03-16 02:13:42
1678922023.497204,185.175.0.3,185.175.0.8,1678932823.497204,2023-03-16 02:13:43.497204065,735.275204065,2023-03-16 02:13:43
1678922025.513229,185.175.0.3,185.175.0.8,1678932825.513229,2023-03-16 02:13:45.513228892,737.291228892,2023-03-16 02:13:45
1678922032.505358,185.175.0.3,185.175.0.8,1678932832.505358,2023-03-16 02:13:52.505357980,744.28335798,2023-03-16 02:13:52
1678922033.521217,185.175.0.3,185.175.0.8,1678932833.521217,2023-03-16 02:13:53.521217108,745.299217108,2023-03-16 02:13:53
1678922035.529214,185.175.0.3,185.175.0.8,1678932835.529214,2023-03-16 02:13:55.529213905,747.307213905,2023-03-16 02:13:55
1678922042.513333,185.175.0.3,185.175.0.8,1678932842.513333,2023-03-16 02:14:02.513333082,754.291333082,2023-03-16 02:14:02
1678922042.513362,185.175.0.8,185.175.0.3,1678932842.513362,2023-03-16 02:14:02.513361931,754.291361931,2023-03-16 02:14:02
1678922042.513388,185.175.0.3,185.175.0.8,1678932842.513388,2023-03-16 02:14:02.513387918,754.291387918,2023-03-16 02:14:02
1678922042.529209,185.175.0.3,185.175.0.8,1678932842.529209,2023-03-16 02:14:02.529208899,754.307208899,2023-03-16 02:14:02
1678922044.553203,185.175.0.3,185.175.0.8,1678932844.553203,2023-03-16 02:14:04.553203106,756.331203106,2023-03-16 02:14:04
1678922052.525322,185.175.0.3,185.175.0.8,1678932852.525322,2023-03-16 02:14:12.525321960,764.30332196,2023-03-16 02:14:12
1678922053.549206,185.175.0.3,185.175.0.8,1678932853.549206,2023-03-16 02:14:13.549206018,765.327206018,2023-03-16 02:14:13
1678922055.561334,185.175.0.3,185.175.0.8,1678932855.561334,2023-03-16 02:14:15.561333895,767.339333895,2023-03-16 02:14:15
1678922062.533351,185.175.0.3,185.175.0.8,1678932862.533351,2023-03-16 02:14:22.533350945,774.311350945,2023-03-16 02:14:22
1678922063.565219,185.175.0.3,185.175.0.8,1678932863.565219,2023-03-16 02:14:23.565218925,775.343218925,2023-03-16 02:14:23
1678922065.581209,185.175.0.3,185.175.0.8,1678932865.581209,2023-03-16 02:14:25.581208944,777.359208944,2023-03-16 02:14:25
1678922072.541369,185.175.0.3,185.175.0.8,1678932872.541369,2023-03-16 02:14:32.541368961,784.319368961,2023-03-16 02:14:32
1678922073.549204,185.175.0.3,185.175.0.8,1678932873.549204,2023-03-16 02:14:33.549204111,785.327204111,2023-03-16 02:14:33
1678922075.56121,185.175.0.3,185.175.0.8,1678932875.56121,2023-03-16 02:14:35.561209917,787.339209917,2023-03-16 02:14:35
1678922082.550907,185.175.0.3,185.175.0.8,1678932882.550907,2023-03-16 02:14:42.550906897,794.328906897,2023-03-16 02:14:42
1678922083.565209,185.175.0.3,185.175.0.8,1678932883.565209,2023-03-16 02:14:43.565208912,795.343208912,2023-03-16 02:14:43
1678922085.581218,185.175.0.3,185.175.0.8,1678932885.581218,2023-03-16 02:14:45.581218004,797.359218004,2023-03-16 02:14:45
1678922092.558848,185.175.0.3,185.175.0.8,1678932892.558848,2023-03-16 02:14:52.558847904,804.336847904,2023-03-16 02:14:52
1678922093.581216,185.175.0.3,185.175.0.8,1678932893.581216,2023-03-16 02:14:53.581216097,805.359216097,2023-03-16 02:14:53
1678922093.581256,185.175.0.8,185.175.0.3,1678932893.581256,2023-03-16 02:14:53.581255913,805.359255913,2023-03-16 02:14:53
1678922093.581291,185.175.0.3,185.175.0.8,1678932893.581291,2023-03-16 02:14:53.581290960,805.35929096,2023-03-16 02:14:53
1678922093.581455,185.175.0.3,185.175.0.8,1678932893.581455,2023-03-16 02:14:53.581454992,805.359454992,2023-03-16 02:14:53
1678922093.581472,185.175.0.8,185.175.0.3,1678932893.581472,2023-03-16 02:14:53.581471920,805.35947192,2023-03-16 02:14:53
1678922098.596759,185.175.0.3,185.175.0.8,1678932898.596759,2023-03-16 02:14:58.596759081,810.374759081,2023-03-16 02:14:58
1678922098.637207,185.175.0.8,185.175.0.3,1678932898.637207,2023-03-16 02:14:58.637207031,810.415207031,2023-03-16 02:14:58
1678922103.601365,185.175.0.3,185.175.0.8,1678932903.601365,2023-03-16 02:15:03.601365089,815.379365089,2023-03-16 02:15:03
1678922104.617212,185.175.0.3,185.175.0.8,1678932904.617212,2023-03-16 02:15:04.617212057,816.395212057,2023-03-16 02:15:04
1678922106.63321,185.175.0.3,185.175.0.8,1678932906.63321,2023-03-16 02:15:06.633209944,818.411209944,2023-03-16 02:15:06
1678922113.609342,185.175.0.3,185.175.0.8,1678932913.609342,2023-03-16 02:15:13.609342098,825.387342098,2023-03-16 02:15:13
1678922114.637208,185.175.0.3,185.175.0.8,1678932914.637208,2023-03-16 02:15:14.637207985,826.415207985,2023-03-16 02:15:14
1678922116.649223,185.175.0.3,185.175.0.8,1678932916.649223,2023-03-16 02:15:16.649223089,828.427223089,2023-03-16 02:15:16
1678922123.621338,185.175.0.3,185.175.0.8,1678932923.621338,2023-03-16 02:15:23.621337891,835.399337891,2023-03-16 02:15:23
1678922124.649219,185.175.0.3,185.175.0.8,1678932924.649219,2023-03-16 02:15:24.649219036,836.427219036,2023-03-16 02:15:24
1678922126.669204,185.175.0.3,185.175.0.8,1678932926.669204,2023-03-16 02:15:26.669203997,838.447203997,2023-03-16 02:15:26
1678922133.629308,185.175.0.3,185.175.0.8,1678932933.629308,2023-03-16 02:15:33.629307985,845.407307985,2023-03-16 02:15:33
1678922134.637202,185.175.0.3,185.175.0.8,1678932934.637202,2023-03-16 02:15:34.637202024,846.415202024,2023-03-16 02:15:34
1678922136.649242,185.175.0.3,185.175.0.8,1678932936.649242,2023-03-16 02:15:36.649241924,848.427241924,2023-03-16 02:15:36
1678922143.645342,185.175.0.3,185.175.0.8,1678932943.645342,2023-03-16 02:15:43.645342112,855.423342112,2023-03-16 02:15:43
1678922144.649205,185.175.0.3,185.175.0.8,1678932944.649205,2023-03-16 02:15:44.649204969,856.427204969,2023-03-16 02:15:44
1678922146.669207,185.175.0.3,185.175.0.8,1678932946.669207,2023-03-16 02:15:46.669207096,858.447207096,2023-03-16 02:15:46
1678922153.653363,185.175.0.3,185.175.0.8,1678932953.653363,2023-03-16 02:15:53.653362989,865.431362989,2023-03-16 02:15:53
1678922154.6692,185.175.0.3,185.175.0.8,1678932954.6692,2023-03-16 02:15:54.669199944,866.447199944,2023-03-16 02:15:54
1678922156.681228,185.175.0.3,185.175.0.8,1678932956.681228,2023-03-16 02:15:56.681227922,868.459227922,2023-03-16 02:15:56
1678922163.668497,185.175.0.3,185.175.0.8,1678932963.668497,2023-03-16 02:16:03.668497086,875.446497086,2023-03-16 02:16:03
1678922164.685329,185.175.0.3,185.175.0.8,1678932964.685329,2023-03-16 02:16:04.685328960,876.46332896,2023-03-16 02:16:04
1678922166.701209,185.175.0.3,185.175.0.8,1678932966.701209,2023-03-16 02:16:06.701209068,878.479209068,2023-03-16 02:16:06
1678922173.677338,185.175.0.3,185.175.0.8,1678932973.677338,2023-03-16 02:16:13.677337885,885.455337885,2023-03-16 02:16:13
1678922174.697217,185.175.0.3,185.175.0.8,1678932974.697217,2023-03-16 02:16:14.697216988,886.475216988,2023-03-16 02:16:14
1678922176.717203,185.175.0.3,185.175.0.8,1678932976.717203,2023-03-16 02:16:16.717202902,888.495202902,2023-03-16 02:16:16
1678922183.685373,185.175.0.3,185.175.0.8,1678932983.685373,2023-03-16 02:16:23.685373068,895.463373068,2023-03-16 02:16:23
1678922184.717214,185.175.0.3,185.175.0.8,1678932984.717214,2023-03-16 02:16:24.717214108,896.495214108,2023-03-16 02:16:24
1678922186.72922,185.175.0.3,185.175.0.8,1678932986.72922,2023-03-16 02:16:26.729219913,898.507219913,2023-03-16 02:16:26
1678922193.693348,185.175.0.3,185.175.0.8,1678932993.693348,2023-03-16 02:16:33.693347931,905.471347931,2023-03-16 02:16:33
1678922194.697209,185.175.0.3,185.175.0.8,1678932994.697209,2023-03-16 02:16:34.697208881,906.475208881,2023-03-16 02:16:34
1678922196.717206,185.175.0.3,185.175.0.8,1678932996.717206,2023-03-16 02:16:36.717206001,908.495206001,2023-03-16 02:16:36
1678922203.701374,185.175.0.3,185.175.0.8,1678933003.701374,2023-03-16 02:16:43.701374054,915.479374054,2023-03-16 02:16:43
1678922204.717216,185.175.0.3,185.175.0.8,1678933004.717216,2023-03-16 02:16:44.717216015,916.495216015,2023-03-16 02:16:44
1678922206.733266,185.175.0.3,185.175.0.8,1678933006.733266,2023-03-16 02:16:46.733266115,918.511266115,2023-03-16 02:16:46
1678922213.709861,185.175.0.3,185.175.0.8,1678933013.709861,2023-03-16 02:16:53.709861040,925.48786104,2023-03-16 02:16:53
1678922214.733256,185.175.0.3,185.175.0.8,1678933014.733256,2023-03-16 02:16:54.733256102,926.511256102,2023-03-16 02:16:54
1678922216.745215,185.175.0.3,185.175.0.8,1678933016.745215,2023-03-16 02:16:56.745214939,928.523214939,2023-03-16 02:16:56
1678922223.717351,185.175.0.3,185.175.0.8,1678933023.717351,2023-03-16 02:17:03.717350960,935.49535096,2023-03-16 02:17:03
1678922224.745222,185.175.0.3,185.175.0.8,1678933024.745222,2023-03-16 02:17:04.745222092,936.523222092,2023-03-16 02:17:04
1678922224.745264,185.175.0.8,185.175.0.3,1678933024.745264,2023-03-16 02:17:04.745264053,936.523264053,2023-03-16 02:17:04
1678922224.745299,185.175.0.3,185.175.0.8,1678933024.745299,2023-03-16 02:17:04.745299101,936.523299101,2023-03-16 02:17:04
1678922224.74546,185.175.0.3,185.175.0.8,1678933024.74546,2023-03-16 02:17:04.745460033,936.523460033,2023-03-16 02:17:04
1678922224.745478,185.175.0.8,185.175.0.3,1678933024.745478,2023-03-16 02:17:04.745477915,936.523477915,2023-03-16 02:17:04
1678922229.751324,185.175.0.3,185.175.0.8,1678933029.751324,2023-03-16 02:17:09.751323938,941.529323938,2023-03-16 02:17:09
1678922229.797198,185.175.0.8,185.175.0.3,1678933029.797198,2023-03-16 02:17:09.797198057,941.575198057,2023-03-16 02:17:09
1678922234.753506,185.175.0.3,185.175.0.8,1678933034.753506,2023-03-16 02:17:14.753505945,946.531505945,2023-03-16 02:17:14
1678922235.78923,185.175.0.3,185.175.0.8,1678933035.78923,2023-03-16 02:17:15.789230108,947.567230108,2023-03-16 02:17:15
1678922237.805235,185.175.0.3,185.175.0.8,1678933037.805235,2023-03-16 02:17:17.805234909,949.583234909,2023-03-16 02:17:17
1678922244.765336,185.175.0.3,185.175.0.8,1678933044.765336,2023-03-16 02:17:24.765336037,956.543336037,2023-03-16 02:17:24
1678922245.773203,185.175.0.3,185.175.0.8,1678933045.773203,2023-03-16 02:17:25.773202896,957.551202896,2023-03-16 02:17:25
1678922247.785206,185.175.0.3,185.175.0.8,1678933047.785206,2023-03-16 02:17:27.785206079,959.563206079,2023-03-16 02:17:27
1678922254.777329,185.175.0.3,185.175.0.8,1678933054.777329,2023-03-16 02:17:34.777328968,966.555328968,2023-03-16 02:17:34
1678922255.789206,185.175.0.3,185.175.0.8,1678933055.789206,2023-03-16 02:17:35.789206028,967.567206028,2023-03-16 02:17:35
1678922257.801201,185.175.0.3,185.175.0.8,1678933057.801201,2023-03-16 02:17:37.801201105,969.579201105,2023-03-16 02:17:37
1678922264.78534,185.175.0.3,185.175.0.8,1678933064.78534,2023-03-16 02:17:44.785340071,976.563340071,2023-03-16 02:17:44
1678922265.805211,185.175.0.3,185.175.0.8,1678933065.805211,2023-03-16 02:17:45.805211067,977.583211067,2023-03-16 02:17:45
1678922267.821209,185.175.0.3,185.175.0.8,1678933067.821209,2023-03-16 02:17:47.821208954,979.599208954,2023-03-16 02:17:47
1678922274.797336,185.175.0.3,185.175.0.8,1678933074.797336,2023-03-16 02:17:54.797336102,986.575336102,2023-03-16 02:17:54
1678922275.821211,185.175.0.3,185.175.0.8,1678933075.821211,2023-03-16 02:17:55.821211100,987.5992111,2023-03-16 02:17:55
1678922277.833205,185.175.0.3,185.175.0.8,1678933077.833205,2023-03-16 02:17:57.833204985,989.611204985,2023-03-16 02:17:57
1678922284.805326,185.175.0.3,185.175.0.8,1678933084.805326,2023-03-16 02:18:04.805325985,996.583325985,2023-03-16 02:18:04
1678922285.837206,185.175.0.3,185.175.0.8,1678933085.837206,2023-03-16 02:18:05.837205887,997.615205887,2023-03-16 02:18:05
1678922287.853215,185.175.0.3,185.175.0.8,1678933087.853215,2023-03-16 02:18:07.853214979,999.631214979,2023-03-16 02:18:07
